,country,year,iso_code,population,gdp,biofuel_cons_change_pct,biofuel_cons_change_twh,biofuel_cons_per_capita,biofuel_consumption,biofuel_elec_per_capita,biofuel_electricity,biofuel_share_elec,biofuel_share_energy,carbon_intensity_elec,coal_cons_change_pct,coal_cons_change_twh,coal_cons_per_capita,coal_consumption,coal_elec_per_capita,coal_electricity,coal_prod_change_pct,coal_prod_change_twh,coal_prod_per_capita,coal_production,coal_share_elec,coal_share_energy,electricity_demand,electricity_generation,electricity_share_energy,energy_cons_change_pct,energy_cons_change_twh,energy_per_capita,energy_per_gdp,fossil_cons_change_pct,fossil_cons_change_twh,fossil_elec_per_capita,fossil_electricity,fossil_energy_per_capita,fossil_fuel_consumption,fossil_share_elec,fossil_share_energy,gas_cons_change_pct,gas_cons_change_twh,gas_consumption,gas_elec_per_capita,gas_electricity,gas_energy_per_capita,gas_prod_change_pct,gas_prod_change_twh,gas_prod_per_capita,gas_production,gas_share_elec,gas_share_energy,greenhouse_gas_emissions,hydro_cons_change_pct,hydro_cons_change_twh,hydro_consumption,hydro_elec_per_capita,hydro_electricity,hydro_energy_per_capita,hydro_share_elec,hydro_share_energy,low_carbon_cons_change_pct,low_carbon_cons_change_twh,low_carbon_consumption,low_carbon_elec_per_capita,low_carbon_electricity,low_carbon_energy_per_capita,low_carbon_share_elec,low_carbon_share_energy,net_elec_imports,net_elec_imports_share_demand,nuclear_cons_change_pct,nuclear_cons_change_twh,nuclear_consumption,nuclear_elec_per_capita,nuclear_electricity,nuclear_energy_per_capita,nuclear_share_elec,nuclear_share_energy,oil_cons_change_pct,oil_cons_change_twh,oil_consumption,oil_elec_per_capita,oil_electricity,oil_energy_per_capita,oil_prod_change_pct,oil_prod_change_twh,oil_prod_per_capita,oil_production,oil_share_elec,oil_share_energy,other_renewable_consumption,other_renewable_electricity,other_renewable_exc_biofuel_electricity,other_renewables_cons_change_pct,other_renewables_cons_change_twh,other_renewables_elec_per_capita,other_renewables_elec_per_capita_exc_biofuel,other_renewables_energy_per_capita,other_renewables_share_elec,other_renewables_share_elec_exc_biofuel,other_renewables_share_energy,per_capita_electricity,primary_energy_consumption,renewables_cons_change_pct,renewables_cons_change_twh,renewables_consumption,renewables_elec_per_capita,renewables_electricity,renewables_energy_per_capita,renewables_share_elec,renewables_share_energy,solar_cons_change_pct,solar_cons_change_twh,solar_consumption,solar_elec_per_capita,solar_electricity,solar_energy_per_capita,solar_share_elec,solar_share_energy,wind_cons_change_pct,wind_cons_change_twh,wind_consumption,wind_elec_per_capita,wind_electricity,wind_energy_per_capita,wind_share_elec,wind_share_energy
22,ASEAN (Ember),2022,,,,,,,,,39.73,3.264,,508.204,,,,,,502.69,,,,,41.304,,1217.05,1217.05,,,,,,,,,880.43,,,72.341,,,,,,359.65,,,,,,29.551,,618.51,,,,,218.34,,17.94,,,,,,336.62,,27.659,,,,,,,,0.0,,0.0,,,,,,18.09,,,,,,1.486,,,68.09,28.36,,,,,,5.595,2.33,,,,,,,,336.62,,27.659,,,,,,37.84,,3.109,,,,,,12.35,,1.015,
267,Africa,2022,,1426736614.0,,1.068,0.012,0.786,1.122,,,,0.02,,-4.847,-56.216,773.498,1103.578,165.696,236.405,1.193,19.653,1168.08,1666.542,26.481,19.613,,892.734,16.918,0.255,14.327,3943.844,,0.108,5.441,469.737,670.19,3545.31,5058.223,75.072,89.895,-3.542,-59.667,1625.038,254.588,363.229,1138.99,-3.87,-100.236,1744.956,2489.593,40.687,28.88,,2.866,9.931,408.593,109.846,156.721,286.383,17.555,7.262,1.905,8.885,568.603,152.505,217.584,398.534,24.373,10.105,,,-18.252,-5.755,25.268,7.079,10.1,17.71,1.131,0.449,5.494,121.324,2329.607,49.453,70.556,1632.822,-3.772,-151.501,2708.899,3864.885,7.903,41.402,23.925,8.688,,7.109,1.463,6.089,,16.769,0.973,,0.425,625.718,5626.826,3.137,14.64,543.335,145.426,207.484,380.824,23.241,9.656,1.54,0.548,47.402,12.743,18.181,33.224,2.037,0.842,4.888,2.686,62.294,16.747,23.894,43.662,2.676,1.107
325,Africa (EI),2022,,,,1.068,0.012,,1.122,,,,0.02,,-4.847,-56.216,,1103.578,,236.405,1.193,19.653,,1666.542,26.481,19.613,,892.734,16.918,0.255,14.326,,,0.108,5.44,,670.19,,5058.223,75.072,89.895,-3.542,-59.667,1625.038,,363.229,,-3.87,-100.236,,2489.593,40.687,28.88,,2.866,9.931,408.593,,156.721,,17.555,7.262,1.905,8.885,568.603,,217.584,,24.373,10.105,,,-18.252,-5.755,25.268,,10.1,,1.131,0.449,5.494,121.324,2329.607,,70.556,,-3.772,-151.501,,3864.885,7.903,41.402,23.925,8.688,,7.109,1.463,,,,0.973,,0.425,,5626.826,3.137,14.64,543.335,,207.484,,23.241,9.656,1.54,0.548,47.402,,18.181,,2.037,0.842,4.888,2.686,62.294,,23.894,,2.676,1.107
751,Algeria,2022,DZA,44903228.0,,,,,,,,,,,-51.791,-1.608,33.338,1.497,,,,,,,,0.219,,91.643,13.405,-2.588,-18.199,15252.127,,-2.626,-18.415,,,15207.475,682.865,,99.707,-7.183,-34.265,442.75,,,9860.092,-2.891,-29.231,21863.684,981.75,,64.647,,725.591,0.176,0.2,1.71,0.077,4.458,0.084,0.029,12.467,0.216,2.005,17.127,0.769,44.652,0.839,0.293,,,,0.0,0.0,0.0,0.0,0.0,0.0,0.0,7.894,17.459,238.618,,,5314.044,9.363,63.377,16485.305,740.243,,34.841,0.0,0.0,,,0.0,0.0,,0.0,0.0,,0.0,2040.895,684.87,12.467,0.216,2.005,17.127,0.769,44.652,0.839,0.293,2.676,0.04,1.777,15.183,0.682,39.584,0.744,0.26,0.0,-0.0,0.027,0.234,0.01,0.61,0.011,0.004
916,Angola,2022,AGO,35588996.0,,,,,,,,,,,,,,,,,,,,,,,,,,,,,,,,,,,,,,,,,,,,0.0,,,,,,,,,,,,,,,,,,,,,,,,,,0.0,0.0,0.0,0.0,0.0,,,,,,,,,1.139,7.566,18878.906,671.881,,,,,,,,,,,,,,,,,,,,,,,,,,,,,,,,,,,,,,,
1123,Argentina,2022,ARG,45510324.0,,33.704,3.512,306.113,13.931,47.681,2.17,1.51,1.392,344.307,2.465,0.346,316.387,14.399,47.022,2.14,0.0,,,,1.489,1.438,155.49,143.68,15.606,3.656,35.302,21994.422,,2.708,22.519,1998.667,90.96,18765.236,854.012,63.307,85.318,-0.547,-2.511,456.83,1669.951,76.0,10037.938,7.727,29.833,9138.986,415.918,52.895,45.639,49.47,21.587,10.871,62.283,574.595,26.15,1368.55,18.2,6.222,12.323,12.782,146.961,1158.418,52.72,3229.188,36.693,14.682,11.81,7.595,-26.555,-6.849,18.687,164.139,7.47,410.6,5.199,1.867,6.893,24.684,382.783,281.694,12.82,8410.91,12.797,43.285,8383.651,381.543,8.923,38.241,7.473,2.17,0.0,3.872,0.279,47.681,0.0,164.199,1.51,0.0,0.747,3157.086,1000.973,20.654,19.632,128.275,994.28,45.25,2818.588,31.494,12.815,33.373,1.895,7.659,63.942,2.91,168.291,2.025,0.765,9.483,3.075,36.929,308.062,14.02,811.435,9.758,3.689
1312,Asia,2022,,4721383370.0,,8.683,17.534,46.484,219.47,,,,0.243,,2.224,801.852,7804.669,36848.836,1737.539,8203.587,10.431,3345.779,7502.481,35422.09,50.594,40.778,,16214.564,19.637,2.346,2071.789,19139.609,,1.368,1046.914,2395.735,11311.182,16428.768,77566.508,69.759,85.836,-1.797,-292.482,15983.315,564.629,2665.83,3385.303,1.164,165.359,3044.3,14373.307,16.441,17.687,,2.568,111.808,5207.568,423.06,1997.43,1102.975,12.319,5.763,8.99,1024.876,12798.926,1013.41,4784.696,2710.842,29.509,14.164,,,5.088,86.269,1919.821,162.532,767.377,406.623,4.733,2.125,2.222,537.547,24734.361,93.567,441.765,5238.795,6.718,1393.684,4689.291,22139.939,2.724,27.371,1142.141,366.762,,10.78,112.3,77.681,,241.908,2.262,,1.264,3434.283,90365.438,9.728,938.606,10879.104,850.877,4017.319,2304.22,24.776,12.039,25.42,388.45,1944.585,157.977,745.871,411.868,4.6,2.152,15.42,308.514,2365.34,192.159,907.256,500.985,5.595,2.618
1377,Asia (Ember),2022,,,,,,,,,317.86,2.2,,534.889,,,,,,8086.3,,,,,55.964,,14449.16,14449.16,,,,,,,,,9888.54,,,68.437,,,,,,1599.59,,,,,,11.07,,7728.7,,,,,1905.32,,13.186,,,,,,4560.62,,31.563,,,,,,,,732.44,,5.069,,,,,,202.65,,,,,,1.403,,,347.41,29.55,,,,,,2.404,0.205,,,,,,,,3828.18,,26.494,,,,,,707.86,,4.899,,,,,,867.59,,6.004,
1435,Asia Pacific (EI),2022,,,,8.565,17.254,,218.709,,,,0.284,,2.129,755.59,,36249.672,,8120.102,9.198,3186.98,,37834.746,55.822,47.01,,14546.45,20.922,2.119,1600.008,,,0.953,610.555,,9736.238,,64657.879,66.932,83.852,-2.305,-213.984,9070.784,,1473.894,,1.116,75.223,,6812.729,10.132,11.763,,2.672,111.906,4983.443,,1911.464,,13.14,6.463,8.91,989.444,12451.865,,4651.892,,31.98,16.148,,,3.322,52.807,1845.975,,737.86,,5.072,2.394,0.358,68.949,19337.424,,142.242,,-0.905,-36.688,,4019.159,0.978,25.078,1117.35,358.469,,10.439,106.575,,,,2.464,,1.449,,77109.75,9.971,936.637,10605.89,,3914.032,,26.907,13.754,25.748,391.091,1937.567,,743.179,,5.109,2.513,15.616,309.812,2348.822,,900.921,,6.193,3.046
1675,Australia,2022,AUS,26177410.0,,7.797,0.096,50.855,1.331,124.153,3.25,1.188,0.08,501.7,-4.791,-21.677,16455.543,430.763,5001.641,130.93,-3.607,-119.137,121618.289,3183.652,47.863,25.931,273.55,273.55,18.077,4.307,68.598,63458.84,,2.44,33.845,6978.918,182.69,54286.039,1421.068,66.785,85.545,4.305,17.179,416.264,1768.319,46.29,15901.653,3.1,45.942,58376.801,1528.153,16.922,25.058,137.24,7.404,2.925,44.642,653.999,17.12,1705.37,6.258,2.687,17.427,34.753,240.12,3470.932,90.86,9172.805,33.215,14.455,0.0,0.0,,0.0,0.0,0.0,0.0,0.0,0.0,0.0,7.158,38.344,574.04,208.959,5.47,21928.844,-5.033,-10.782,7771.708,203.443,2.0,34.556,10.361,3.246,,-2.939,-0.314,123.991,,395.806,1.187,,0.624,10449.849,1661.188,17.427,34.753,240.12,3470.932,90.86,9172.805,33.215,14.455,24.515,19.64,101.264,1483.722,38.84,3868.36,14.199,6.096,18.124,12.406,82.522,1209.058,31.65,3152.414,11.57,4.968
1840,Austria,2022,AUT,8939617.0,,-4.431,-0.221,534.141,4.775,619.713,5.54,8.404,1.251,158.222,-5.488,-1.643,3164.75,28.292,15.661,0.14,,,,,0.212,7.414,74.62,65.92,22.147,-5.464,-22.054,42685.379,,-6.238,-16.094,1672.331,14.95,27059.148,241.898,22.679,63.392,-12.215,-11.01,79.128,1271.867,11.37,8851.414,,,,,17.248,20.736,10.43,-8.298,-8.753,92.647,3975.562,35.54,10363.625,53.914,24.279,-3.967,-5.959,139.693,5701.587,50.97,15626.231,77.321,36.608,8.7,11.659,,0.0,0.0,0.0,0.0,0.0,0.0,0.0,-2.495,-3.441,134.479,384.804,3.44,15042.984,,,,,5.218,35.242,14.99,5.54,0.0,4.55,0.652,619.713,0.0,1676.83,8.404,0.0,3.928,7373.917,381.591,-3.967,-5.959,139.693,5701.587,50.97,15626.231,77.321,36.608,15.665,1.11,8.391,327.755,2.93,938.635,4.445,2.199,7.496,1.253,18.889,778.557,6.96,2113.0,10.558,4.95
1883,Azerbaijan,2022,AZE,10358078.0,,,,,,,,,,,0.0,0.0,0.15,0.002,,,,,,,,0.001,,29.033,15.187,-0.761,-1.49,18747.918,,-1.209,-2.317,,,18278.574,189.331,,97.497,-5.586,-7.16,121.015,,,11683.125,7.32,23.285,32956.672,341.368,,62.317,,24.857,0.816,4.158,153.967,1.595,401.412,5.493,2.141,21.121,0.827,4.861,177.798,1.842,469.343,6.343,2.503,,,,0.0,0.0,0.0,0.0,0.0,0.0,0.0,7.63,4.843,68.315,,,6595.299,-5.542,-22.728,37400.008,387.392,,35.179,0.328,0.103,,6.263,0.019,9.91,,31.635,0.354,,0.169,2802.895,194.192,21.121,0.827,4.861,177.798,1.842,469.343,6.343,2.503,10.326,0.014,0.159,5.879,0.061,15.329,0.21,0.082,-8.862,-0.022,0.217,8.042,0.083,20.967,0.287,0.112
2048,Bahrain,2022,BHR,1472237.0,,,,,,,,,,,,,,,,,,,,,,,,,,,,,,,,,,,,,,,,,,,,-0.693,-1.194,116209.859,171.088,,,,,,,,,,,,,,,,,,,,,,,0.0,0.0,0.0,0.0,0.0,,,,,,,,,0.0,,,,,,,,,,,,,,,,,,,,,,,,,,,,,,,,,,,,,,,,,,
2171,Bangladesh,2022,BGD,171186368.0,,,,,,0.0,0.0,0.0,,574.278,18.036,7.631,291.742,49.942,43.286,7.41,0.0,,,,8.695,10.018,92.82,85.22,17.169,3.969,19.028,2912.048,,3.91,18.615,488.298,83.59,2890.08,494.742,98.087,99.246,-4.569,-13.979,291.98,292.547,50.08,1705.627,-1.474,-3.479,1358.93,232.63,58.766,58.571,48.94,13.662,0.236,2.021,5.666,0.97,11.804,1.138,0.405,12.755,0.413,3.761,9.522,1.63,21.968,1.913,0.754,7.6,8.188,,0.0,0.0,0.0,0.0,0.0,0.0,0.0,19.524,24.963,152.82,152.465,26.1,892.711,0.0,,,,30.627,30.656,0.012,0.0,0.0,0.0,0.0,0.0,0.0,0.072,0.0,0.0,0.002,497.82,498.503,12.755,0.413,3.761,9.522,1.63,21.968,1.913,0.754,11.896,0.177,1.715,3.797,0.65,10.016,0.763,0.344,0.0,-0.0,0.013,0.058,0.01,0.077,0.012,0.003
2336,Belarus,2022,BLR,9534956.0,,-100.0,-0.152,0.0,0.0,,,,0.0,,8.328,0.824,1124.454,10.722,,,,,,,,3.612,,39.641,13.768,-2.879,-8.798,31132.697,,-2.137,-6.16,,,29592.15,282.16,,95.052,-1.595,-2.993,184.624,,,19362.898,,,,,,62.195,,0.0,-0.003,0.894,35.973,0.343,93.786,0.865,0.301,-16.352,-2.638,14.689,604.588,5.765,1540.547,14.542,4.948,,,-18.864,-2.781,11.733,491.874,4.69,1230.569,11.831,3.953,-4.396,-3.992,86.814,,,9104.797,,,,,,29.245,0.839,0.263,,0.0,0.0,27.55,,87.945,0.663,,0.282,4157.466,296.849,-3.285,0.142,2.956,112.713,1.075,309.978,2.711,0.996,68.125,0.299,0.743,29.893,0.285,77.936,0.719,0.25,0.0,-0.002,0.48,19.297,0.184,50.311,0.464,0.162
2459,Belgium,2022,BEL,11655923.0,,7.994,0.664,769.63,8.971,381.78,4.45,4.677,1.318,167.105,3.374,1.044,2744.635,31.991,3.432,0.04,,,,,0.042,4.7,87.62,95.15,16.524,-7.819,-57.737,58395.824,,-7.948,-43.043,2299.26,26.8,42769.266,498.515,28.166,73.24,-14.193,-24.072,145.534,2005.847,23.38,12485.879,,,,,24.572,21.381,15.9,-24.508,-0.271,0.823,23.164,0.27,70.599,0.284,0.121,-6.39,-14.694,182.142,5863.971,68.35,15626.559,71.834,26.76,-7.53,-8.594,-13.103,-16.958,109.409,3784.342,44.11,9386.54,46.358,16.074,-5.869,-20.015,320.99,289.981,3.38,27538.754,,,,,3.552,47.159,14.243,4.45,0.0,-4.881,-0.731,381.78,0.0,1221.992,4.677,0.0,2.093,8163.231,680.657,4.495,2.264,72.733,2079.629,24.24,6240.019,25.476,10.686,20.519,2.952,17.653,631.439,7.36,1514.476,7.735,2.593,-0.754,-0.35,31.043,1043.246,12.16,2663.322,12.78,4.561
2750,Bolivia,2022,BOL,12224114.0,,,,,,31.086,0.38,3.372,,335.404,,,,,0.0,0.0,,,,,0.0,,11.27,11.27,,,,,,,,575.911,7.04,,,62.467,,,,,523.555,6.4,,-11.545,-17.49,10962.543,134.007,56.788,,3.78,,,,235.6,2.88,,25.555,,,,,346.037,4.23,,37.533,,0.0,0.0,,0.0,0.0,0.0,0.0,0.0,0.0,,,,,52.356,0.64,,0.0,,,,5.679,,,0.38,0.0,,,31.086,0.0,,3.372,0.0,,921.948,,,,,346.037,4.23,,37.533,,,,,40.085,0.49,,4.348,,,,,39.267,0.48,,4.259,
2781,Bosnia and Herzegovina,2022,BIH,3233530.0,,,,,,12.37,0.04,0.242,,553.474,,,,,3395.67,10.98,,,,,66.344,,13.55,16.55,,,,,,,,3404.948,11.01,,,66.526,,,,,0.0,0.0,,,,,,0.0,,9.16,,,,1537.02,4.97,,30.03,,,,,1713.298,5.54,,33.474,,-3.0,-22.14,,,,0.0,0.0,,0.0,,,,,9.278,0.03,,,,,,0.181,,,,,,,,,,,,,5118.245,,,,,1713.298,5.54,,33.474,,,,,43.296,0.14,,0.846,,,,,120.611,0.39,,2.356,
3026,Brazil,2022,BRA,215313504.0,,-0.631,-1.535,1123.715,241.951,267.888,57.68,8.471,6.496,102.043,-17.81,-35.247,755.465,162.662,72.452,15.6,-11.309,-3.821,139.189,29.969,2.291,4.367,703.99,680.89,25.016,4.319,154.2,17299.75,,-2.948,-56.891,344.289,74.13,8699.518,1873.124,10.887,50.287,-20.942,-84.703,319.762,224.417,48.32,1485.099,-5.551,-13.506,1067.377,229.821,7.097,8.585,69.48,17.721,164.164,1113.543,1988.078,428.06,5171.727,62.868,29.895,10.758,211.091,1851.746,2818.031,606.76,8600.232,89.113,49.713,23.1,3.281,-0.99,-0.499,36.424,67.529,14.54,169.166,2.135,0.978,4.75,63.058,1390.7,47.419,10.21,6458.953,3.954,72.123,8807.444,1896.362,1.5,37.336,168.461,57.68,0.0,-5.297,-9.423,267.888,0.0,782.397,8.471,0.0,4.523,3162.319,3724.87,10.988,211.59,1815.322,2750.501,592.22,8431.066,86.977,48.735,79.835,34.708,78.544,122.983,26.48,364.788,3.889,2.109,12.929,23.675,212.824,371.551,80.0,988.44,11.749,5.714
3191,Brunei,2022,BRN,449002.0,,,,,,,,,,,,,,,,,,,,,,,,,,,,,,,,,,,,,,,,,,,,-8.163,-9.416,235925.438,105.931,,,,,,,,,,,,,,,,,,,,,,,0.0,0.0,0.0,0.0,0.0,,,,,,,,,-13.78,-8.341,116233.352,52.189,,,,,,,,,,,,,,,,,,,,,,,,,,,,,,,,,,,,,,,
3314,Bulgaria,2022,BGR,6781955.0,,63.232,1.246,474.191,3.216,383.37,2.6,5.142,1.388,399.723,19.438,11.839,10726.563,72.747,3153.958,21.39,24.465,13.542,10158.644,68.895,42.306,31.387,38.37,50.56,26.547,4.479,9.937,34175.52,,7.555,11.333,3636.12,24.66,23789.814,161.341,48.774,69.611,-18.127,-5.986,27.035,429.08,2.91,3986.24,0.0,,,,5.756,11.664,20.21,-21.822,-2.788,9.823,545.565,3.7,1448.331,7.318,4.238,1.384,-1.396,70.435,3818.958,25.9,10385.708,51.226,30.389,-12.19,-31.77,-0.229,-0.245,41.152,2427.029,16.46,6067.928,32.555,17.755,9.77,5.479,61.56,53.082,0.36,9077.011,0.0,,,,0.712,26.56,7.115,2.6,0.0,-13.912,-1.15,383.37,0.0,1049.036,5.142,0.0,3.07,7455.078,231.777,3.549,-1.151,29.283,1391.929,9.44,4317.78,18.671,12.634,36.612,1.386,5.224,250.665,1.7,770.212,3.362,2.254,4.521,0.155,3.906,212.328,1.44,576.01,2.848,1.685
3479,Burundi,2022,BDI,12889583.0,,,,,,0.776,0.01,2.778,,250.0,,,,,0.0,0.0,,,,,0.0,,0.46,0.36,,,,,,,,8.534,0.11,,,30.556,,,,,0.0,0.0,,,,,,0.0,,0.09,,,,17.844,0.23,,63.889,,,,,19.396,0.25,,69.444,,0.1,21.739,,,,0.0,0.0,,0.0,,,,,8.534,0.11,,,,,,30.556,,,0.01,0.0,,,0.776,0.0,,2.778,0.0,,27.93,,,,,19.396,0.25,,69.444,,,,,0.776,0.01,,2.778,,,,,0.0,0.0,,0.0,
3537,CIS (EI),2022,,,,29.73,0.833,,3.637,,,,0.034,,-3.632,-50.998,,1353.05,,275.371,1.447,45.022,,3155.837,18.339,12.698,,1501.575,15.186,-5.762,-651.463,,,-6.129,-613.228,,1003.463,,9392.034,66.827,88.145,-10.646,-656.731,5512.274,,717.348,,-9.564,-852.28,,8059.247,47.773,51.733,,-6.481,-47.3,645.994,,247.779,,16.501,6.063,-2.421,-38.234,1263.181,,492.29,,32.785,11.855,,,0.463,0.557,578.504,,231.235,,15.4,5.429,3.885,94.501,2526.71,,10.745,,0.909,71.496,,7938.099,0.716,23.713,3.759,1.274,,4.901,0.171,,,,0.085,,0.035,,10655.215,-4.808,-38.791,684.677,,261.054,,17.385,6.426,11.123,1.234,12.752,,4.891,,0.326,0.12,51.675,6.27,18.535,,7.109,,0.473,0.174
3824,Canada,2022,CAN,38454328.0,,-4.875,-1.204,610.979,23.495,230.663,8.87,1.389,0.598,125.842,-22.382,-30.922,2788.582,107.233,956.719,36.79,-2.677,-9.009,8517.256,327.525,5.763,2.73,596.39,638.42,20.866,2.207,84.812,102160.289,,2.38,58.33,2888.362,111.07,65239.922,2508.757,17.398,63.86,3.98,46.551,1216.283,1852.847,71.25,31629.277,7.35,126.676,48113.273,1850.164,11.16,30.96,80.34,4.087,37.133,1038.782,10207.174,392.51,27013.396,61.481,26.442,2.07,26.482,1419.748,13713.67,527.35,36920.363,82.602,36.14,-42.03,-7.047,-5.808,-14.209,216.76,2139.681,82.28,5636.829,12.888,5.518,3.737,42.7,1185.242,78.795,3.03,30822.062,2.762,85.65,82862.633,3186.427,0.475,30.17,27.197,8.87,0.0,-13.609,-4.284,230.663,0.0,707.266,1.389,0.0,0.692,16602.031,3928.505,3.655,40.691,1202.987,11573.99,445.07,31283.535,69.714,30.622,16.394,2.159,15.678,144.587,5.56,407.714,0.871,0.399,7.967,6.888,97.835,991.566,38.13,2544.18,5.973,2.49
4050,Central America (EI),2022,,,,2.81,0.015,,0.552,,,,0.127,,-34.093,-6.714,,12.979,,,,,,,,2.973,,63.139,17.701,3.981,16.711,,,4.845,14.239,,,,308.115,,70.583,122.918,3.448,6.254,,,,,,,,,1.433,,5.945,4.341,82.436,,31.619,,50.079,18.884,2.433,2.473,128.415,,48.034,,76.077,29.417,,,,0.0,0.0,,0.0,,0.0,0.0,6.45,17.504,288.882,,,,,,,,,66.177,28.186,9.802,,-2.173,-0.727,,,,15.524,,6.457,,436.53,2.433,2.473,128.415,,48.034,,76.077,29.417,-2.552,-0.231,7.728,,2.964,,4.695,1.77,-8.523,-0.924,9.513,,3.649,,5.779,2.179
4210,Chad,2022,TCD,17723312.0,,,,,,,,,,,,,,,,,,,,,,,,,,,,,,,,,,,,,,,,,,,,,,,,,,,,,,,,,,,,,,,,,,,,,,0.0,0.0,0.0,0.0,0.0,,,,,,,,,6.23,4.432,4264.396,75.579,,,,,,,,,,,,,,,,,,,,,,,,,,,,,,,,,,,,,,,
4333,Chile,2022,CHL,19603736.0,,,,,,,,,,332.612,-24.587,-19.943,3120.24,61.168,977.365,19.16,,,,,23.023,12.312,83.22,83.22,20.742,4.185,19.955,25342.707,,-0.992,-3.579,1997.068,39.15,18217.781,357.137,47.044,71.886,9.33,6.366,74.595,810.56,15.89,3805.152,,,,,19.094,15.015,27.68,23.105,10.714,58.003,1033.987,20.27,2958.779,24.357,11.675,21.559,23.533,139.675,2248.041,44.07,7124.925,52.956,28.114,0.0,0.0,,0.0,0.0,0.0,0.0,0.0,0.0,0.0,4.73,9.998,221.373,209.144,4.1,11292.39,,,,,4.927,44.559,19.564,6.23,0.46,-5.232,-1.198,317.778,23.465,997.983,7.486,0.553,3.938,4245.109,496.812,21.559,23.533,139.675,2248.041,44.07,7124.925,52.956,28.114,34.478,9.561,37.69,740.675,14.52,1922.614,17.448,7.586,22.778,4.457,24.417,449.914,8.82,1245.55,10.598,4.915
4456,China,2022,CHN,1425887360.0,,-1.205,-0.34,19.549,27.874,123.874,176.63,1.996,0.063,533.983,1.004,244.012,17224.002,24559.486,3785.572,5397.8,10.523,2439.045,17965.668,25617.02,61.001,55.469,8831.03,8848.73,22.542,0.918,402.844,31051.48,,-0.497,-180.648,4040.116,5760.75,25344.26,36138.059,65.103,81.62,-1.2,-45.632,3757.047,203.789,290.58,2634.884,6.036,126.285,1555.813,2218.414,3.284,8.486,4725.07,0.24,-4.256,3397.424,913.908,1303.13,2382.674,14.727,7.673,8.022,583.496,8137.857,2165.655,3087.98,5707.223,34.897,18.38,-17.7,-0.2,2.528,22.037,1045.25,293.011,417.8,733.053,4.722,2.361,-4.622,-379.029,7821.524,50.754,72.37,5485.373,2.936,67.907,1669.763,2380.894,0.818,17.665,563.745,176.629,,6.451,34.161,123.873,,395.364,1.996,,1.273,6205.771,44275.914,8.926,561.459,7092.607,1872.644,2670.18,4974.17,30.176,16.019,30.8,259.46,1115.113,299.968,427.72,782.049,4.834,2.519,16.3,272.433,1988.45,534.895,762.7,1394.535,8.619,4.491
4579,Colombia,2022,COL,51874028.0,,2.376,0.22,182.958,9.491,35.278,1.83,2.165,1.558,163.985,-9.429,-2.966,549.263,28.493,82.7,4.29,-2.524,-11.894,8855.739,459.383,5.076,4.676,84.98,84.52,17.067,6.102,35.045,11746.604,,6.345,25.138,387.863,20.12,8122.309,421.337,23.805,69.146,-0.329,-0.416,125.85,245.402,12.73,2426.076,-1.068,-1.342,2396.629,124.323,15.062,20.653,13.86,6.349,9.436,167.736,1195.396,62.01,3233.525,73.367,27.527,5.71,9.907,188.007,1241.469,64.4,3624.295,76.195,30.854,0.46,0.541,,0.0,0.0,0.0,0.0,0.0,0.0,0.0,11.96,28.52,266.994,59.76,3.1,5146.969,2.397,10.81,8903.541,461.863,3.668,43.817,9.275,1.83,0.0,-2.642,-0.252,35.278,0.0,178.789,2.165,0.0,1.522,1629.332,609.344,5.71,9.907,188.007,1241.469,64.4,3624.295,76.195,30.854,55.596,0.465,1.31,9.446,0.49,25.26,0.58,0.215,23.83,0.037,0.195,1.349,0.07,3.763,0.083,0.032
4744,Congo,2022,COG,5970430.0,,,,,,,,,,,,,,,,,,,,,,,,,,,,,,,,,,,,,,,,,,,,0.0,,,,,,,,,,,,,,,,,,,,,,,,,,0.0,0.0,0.0,0.0,0.0,,,,,,,,,-1.711,-2.786,26808.555,160.059,,,,,,,,,,,,,,,,,,,,,,,,,,,,,,,,,,,,,,,
4829,Costa Rica,2022,CRI,5180836.0,,,,,,3.86,0.02,0.158,,37.213,,,,,0.0,0.0,,,,,0.0,,11.95,12.63,,,,,,,,48.255,0.25,,,1.979,,,,,0.0,0.0,,,,,,0.0,,0.47,,,,1795.077,9.3,,73.634,,,,,2389.576,12.38,,98.021,,-0.68,-5.69,,,,0.0,0.0,,0.0,,,,,48.255,0.25,,,,,,1.979,,,1.66,1.64,,,320.412,316.551,,13.143,12.985,,2437.83,,,,,2389.576,12.38,,98.021,,,,,11.581,0.06,,0.475,,,,,262.506,1.36,,10.768,
4984,Croatia,2022,HRV,4030361.0,,3.886,0.041,274.089,1.105,285.334,1.15,8.139,1.168,246.285,-0.975,-0.047,1186.811,4.783,382.1,1.54,,,,,10.899,5.057,18.82,14.13,17.849,-3.791,-3.727,23468.168,,0.062,0.043,1287.726,5.19,17149.828,69.12,36.73,73.077,-13.742,-3.882,24.37,903.145,3.64,6046.492,,,,,25.761,25.765,3.48,-23.949,-4.518,14.132,1327.425,5.35,3506.509,37.863,14.942,-12.037,-3.77,25.465,2218.163,8.94,6318.343,63.27,26.923,4.69,24.92,,0.0,0.0,0.0,0.0,0.0,0.0,0.0,11.035,3.972,39.967,2.481,0.01,9916.524,,,,,0.071,42.255,3.813,1.16,0.01,1.742,0.077,287.815,2.481,946.139,8.209,0.071,4.032,3505.889,94.585,-12.037,-3.77,25.465,2218.163,8.94,6318.343,63.27,26.923,8.428,0.031,0.421,37.218,0.15,104.437,1.062,0.445,11.505,0.599,5.994,565.706,2.28,1487.169,16.136,6.337
5107,Cuba,2022,CUB,11212198.0,,,,,,,,,,,,,,,,,,,,,,,,,,,,,,,,,,,,,,,,,,,,,,,,,,,,,,,,,,,,,,,,,,,,,,0.0,0.0,0.0,0.0,0.0,,,,,,,,,,,,,,,,,,,,,,,,,,,,,,,,,,,,,,,,,,,,,,,,,,,
5118,Curacao,2022,CUW,191173.0,,,,,,,,,,,,,,,,,,,,,,,,,,,,,,,,,,,,,,,,,,,,,,,,,,,,,,,,,,,,,,,,,,,,,,0.0,0.0,0.0,0.0,0.0,,,,,,,,,,,,,,,,,,,,,,,,,,,,,,,,,,,,,,,,,,,,,,,,,,,
5176,Cyprus,2022,CYP,1251492.0,,3.383,0.008,205.064,0.257,47.943,0.06,1.141,,589.354,-20.656,-0.099,304.29,0.381,0.0,0.0,,,,,0.0,,5.26,5.26,17.39,6.352,1.896,25359.791,,0.0,,3491.832,4.37,,,83.08,,,,,0.0,0.0,,,,,,0.0,,3.1,,,,0.0,0.0,,0.0,,,,,711.151,0.89,,16.92,,0.0,0.0,,0.0,0.0,0.0,0.0,0.0,0.0,,6.167,1.668,28.72,3491.832,4.37,22948.918,,,,,83.08,,0.124,0.06,0.0,-35.012,-0.067,47.943,0.0,99.361,1.141,0.0,,4202.983,31.738,,,,711.151,0.89,,16.92,,36.828,0.445,1.671,487.418,0.61,1334.964,11.597,,-9.012,-0.06,0.585,175.79,0.22,467.196,4.183,
5234,Czechia,2022,CZE,10493990.0,,-4.932,-0.207,380.159,3.989,505.051,5.3,6.237,0.859,414.803,8.478,12.785,15589.091,163.592,3520.11,36.94,9.304,11.393,12753.845,133.839,43.469,35.236,71.45,84.98,21.368,-0.482,-2.247,44242.148,,-0.64,-2.27,4141.418,43.46,33561.602,352.195,51.141,75.859,-18.667,-16.93,73.764,621.308,6.52,7029.213,0.0,,,,7.672,15.888,35.25,-13.102,-0.846,5.457,192.491,2.02,519.975,2.377,1.175,0.016,0.023,112.082,3956.551,41.52,10680.549,48.859,24.141,-13.53,-18.936,0.946,0.446,77.61,2956.931,31.03,7395.684,36.514,16.716,1.66,1.875,114.839,0.0,0.0,10943.296,0.0,,,,0.0,24.735,17.369,5.31,0.01,1.058,0.182,506.004,0.953,1655.097,6.249,0.012,3.741,8097.969,464.277,-1.923,-0.422,34.471,999.62,10.49,3284.864,12.344,7.425,6.606,0.35,5.985,239.185,2.51,570.303,2.954,1.289,6.614,0.098,1.672,61.94,0.65,159.33,0.765,0.36
5450,Democratic Republic of Congo,2022,COD,99010216.0,,,,,,,,,,,,,,,,,,,,,,,,,,,,,,,,,,,,,,,,,,,,,,,,,,,,,,,,,,,,,,,,,,,,,,0.0,0.0,0.0,0.0,0.0,,,,,,,,,,,,,,,,,,,,,,,,,,,,,,,,,,,,,,,,,,,,,,,,,,,
5573,Denmark,2022,DNK,5882259.0,,-2.335,-0.071,502.087,2.953,1353.222,7.96,23.126,1.559,180.418,-3.262,-0.404,2039.191,11.995,615.41,3.62,,,,,10.517,6.333,35.78,34.42,24.632,0.633,1.191,32197.939,,-3.581,-4.007,936.715,5.51,18338.973,107.875,16.008,56.957,-28.314,-6.709,16.986,175.103,1.03,2887.631,0.23,0.034,2486.99,14.629,2.992,8.968,6.21,-10.075,-0.004,0.038,3.4,0.02,6.494,0.058,0.02,7.853,5.197,81.522,4914.778,28.91,13858.966,83.992,43.043,1.36,3.801,,0.0,0.0,0.0,0.0,0.0,0.0,0.0,4.099,3.107,78.894,146.202,0.86,13412.151,-1.603,-0.604,6296.887,37.04,2.499,41.655,23.934,7.96,0.0,-13.979,-3.89,1353.222,0.0,4068.906,23.126,0.0,12.637,5851.493,189.397,7.853,5.197,81.522,4914.778,28.91,13858.966,83.992,43.043,48.147,1.631,5.056,340.005,2.0,859.467,5.811,2.669,18.359,7.531,49.54,3218.151,18.93,8422.012,54.997,26.157
5904,Eastern Africa (EI),2022,,,,2.149,0.003,,0.147,,,,0.021,,8.601,4.608,,58.185,,,,,,,,8.214,,123.074,21.997,3.27,22.43,,,3.075,13.936,,,,467.163,,65.951,7.022,1.875,28.583,,,,,,,,,4.035,,2.942,5.204,207.986,,79.776,,64.819,29.362,4.018,8.494,241.186,,92.201,,74.915,34.049,,,,0.0,0.0,,0.0,,0.0,0.0,1.998,7.452,380.395,,,,,,,,,53.702,20.561,7.634,,8.623,1.557,,,,6.203,,2.903,,708.349,4.018,8.494,241.186,,92.201,,74.915,34.049,33.886,1.333,5.325,,2.042,,1.66,0.752,6.24,0.396,7.167,,2.749,,2.234,1.012
6027,Ecuador,2022,ECU,18001002.0,,8.909,0.015,9.977,0.18,22.221,0.4,1.208,0.082,183.63,45.459,0.25,44.431,0.8,0.0,0.0,,,,,0.0,0.366,32.12,33.11,18.589,3.065,6.505,12150.252,,6.454,9.265,443.309,7.98,8488.841,152.808,24.101,69.866,-5.55,-0.323,5.497,50.553,0.91,305.392,0.0,,,,2.748,2.513,6.08,-3.673,-2.693,64.227,1368.257,24.63,3567.978,74.388,29.365,-3.618,-2.76,65.909,1396.033,25.13,3661.41,75.899,30.134,-0.99,-3.082,,0.0,0.0,0.0,0.0,0.0,0.0,0.0,6.807,9.338,146.51,392.756,7.07,8139.018,1.709,5.039,16654.602,299.799,21.353,66.986,1.244,0.4,0.0,-6.088,-0.081,22.221,0.0,69.102,1.208,0.0,0.569,1839.342,218.717,-3.618,-2.76,65.909,1396.033,25.13,3661.41,75.899,30.134,4.421,0.004,0.1,2.222,0.04,5.576,0.121,0.046,-2.274,-0.004,0.158,3.333,0.06,8.777,0.181,0.072
6150,Egypt,2022,EGY,110990096.0,,,,,,0.0,0.0,0.0,,469.63,1.077,0.152,128.533,14.266,0.0,0.0,,,,,0.0,1.29,207.28,208.1,19.515,4.964,52.277,9960.062,,5.518,54.54,1664.563,184.75,9397.142,1042.99,88.779,94.348,-2.283,-14.195,607.476,1382.646,153.46,5473.244,-4.884,-33.112,5810.265,644.882,73.743,54.952,97.73,-3.421,-1.41,35.968,126.768,14.07,324.061,6.761,3.254,-3.143,-2.263,62.479,210.379,23.35,562.921,11.221,5.652,-0.82,-0.396,,0.0,0.0,0.0,0.0,0.0,0.0,0.0,19.447,68.584,421.248,281.917,31.29,3795.365,1.079,3.716,3135.231,347.98,15.036,38.106,0.0,0.0,0.0,,0.0,0.0,0.0,0.0,0.0,0.0,0.0,1874.942,1105.468,-3.143,-2.263,62.479,210.379,23.35,562.921,11.221,5.652,-1.021,-0.184,13.102,45.5,5.05,118.045,2.427,1.185,-4.406,-0.669,13.409,38.112,4.23,120.816,2.033,1.213
6193,El Salvador,2022,SLV,6336393.0,,,,,,71.018,0.45,5.906,,194.226,,,,,0.0,0.0,,,,,0.0,,8.28,7.62,,,,,,,,321.95,2.04,,,26.772,,,,,164.131,1.04,,,,,,13.648,,1.48,,,,380.343,2.41,,31.627,,,,,880.627,5.58,,73.228,,0.66,7.971,,,,0.0,0.0,,0.0,,,,,157.818,1.0,,,,,,13.123,,,2.05,1.6,,,323.528,252.51,,26.903,20.997,,1202.577,,,,,880.627,5.58,,73.228,,,,,173.6,1.1,,14.436,,,,,3.156,0.02,,0.262,
6236,Equatorial Guinea,2022,GNQ,1674916.0,,,,,,,,,,,,,,,,,,,,,,,,,,,,,,,,,,,,,,,,,,,,0.0,,,,,,,,,,,,,,,,,,,,,,,,,,0.0,0.0,0.0,0.0,0.0,,,,,,,,,-9.823,-6.949,38088.094,63.794,,,,,,,,,,,,,,,,,,,,,,,,,,,,,,,,,,,,,,,
6302,Estonia,2022,EST,1326064.0,,0.0,0.0,363.841,0.482,1877.738,2.49,29.537,0.782,460.261,7.144,2.269,25660.084,34.027,0.0,0.0,,,,,0.0,55.177,9.44,8.43,14.926,0.069,0.043,46504.863,,-0.426,-0.224,3536.782,4.69,39405.848,52.255,55.635,84.735,-25.536,-1.242,3.621,37.706,0.05,2730.869,,,,,0.593,5.872,3.88,1.914,0.001,0.061,15.082,0.02,46.085,0.237,0.099,3.455,0.266,9.414,2820.377,3.74,7099.013,44.365,15.265,1.01,10.699,,0.0,0.0,0.0,0.0,0.0,0.0,0.0,-7.887,-1.251,14.606,3499.077,4.64,11014.897,,,,,55.042,23.685,5.602,2.49,0.0,-2.741,-0.158,1877.738,0.0,4224.885,29.537,0.0,9.085,6357.159,61.668,3.455,0.266,9.414,2820.377,3.74,7099.013,44.365,15.265,67.299,0.618,1.544,452.467,0.6,1164.383,7.117,2.504,-9.806,-0.194,1.724,475.09,0.63,1299.819,7.473,2.795
6748,Europe,2022,,744806995.0,,9.038,19.881,322.048,239.864,,,,0.84,,-4.604,-154.966,4310.634,3210.59,979.391,729.457,0.119,4.743,5336.925,3974.979,15.257,11.248,,4781.189,19.695,-5.379,-1622.715,38323.848,,-5.312,-1200.006,2706.297,2015.669,28721.068,21391.652,42.158,74.943,-13.391,-1351.46,8740.663,1651.556,1230.09,11735.474,-8.141,-743.315,11261.234,8387.446,25.728,30.622,,-14.23,-309.559,1819.005,936.756,697.703,2442.25,14.593,6.373,-4.781,-422.71,7152.219,3550.604,2644.515,9602.781,55.311,25.057,,,-12.665,-362.026,2426.417,1302.176,969.87,3257.779,20.285,8.501,3.355,306.421,9440.399,75.351,56.122,12674.961,-0.456,-37.08,10869.024,8095.325,1.174,33.073,693.408,219.971,,-2.756,-20.055,295.34,,930.99,4.601,,2.429,6419.366,28543.871,-0.218,-60.684,4725.802,2248.428,1674.645,6345.002,35.026,16.556,24.53,117.978,607.998,313.109,233.205,816.316,4.878,2.13,11.023,131.071,1365.527,703.223,523.766,1833.398,10.955,4.784
6806,Europe (EI),2022,,,,8.848,19.326,,237.75,,,,1.072,,-3.082,-88.941,,2797.356,,649.972,-0.116,-1.862,,1608.466,16.662,12.618,,3900.856,21.259,-3.821,-880.639,,,-3.364,-548.731,,1470.499,,15762.755,37.697,71.102,-12.975,-743.667,4987.803,,767.953,,4.464,94.171,,2203.764,19.687,22.499,,-13.387,-234.688,1477.956,,566.889,,14.532,6.667,-4.147,-331.906,6406.392,,2348.491,,60.205,28.898,,,-15.964,-360.48,1855.033,,741.481,,19.008,8.368,3.69,283.876,7977.596,,52.574,,-8.052,-150.277,,1716.073,1.348,35.985,747.451,239.165,,-1.86,-14.783,,,,6.131,,3.372,,22169.146,1.595,28.575,4551.358,,1607.011,,41.196,20.53,24.006,122.48,642.49,,246.435,,6.317,2.898,10.808,136.24,1445.711,,554.521,,14.215,6.521
6871,Europe (Ember),2022,,,,,,,,,209.43,4.167,,297.054,,,,,,815.46,,,,,16.227,,5025.32,5025.32,,,,,,,,,2240.44,,,44.583,,,,,,1288.89,,,,,,25.648,,1492.79,,,,,765.59,,15.235,,,,,,2784.88,,55.417,,,,,,,,976.35,,19.429,,,,,,136.09,,,,,,2.708,,,234.65,25.22,,,,,,4.669,0.502,,,,,,,,1808.53,,35.988,,,,,,248.04,,4.936,,,,,,560.25,,11.149,
7111,European Union (27),2022,,447315902.0,,7.552,14.65,466.433,208.643,,,,1.291,,1.981,37.652,4333.633,1938.503,1031.054,461.207,2.661,29.305,2527.319,1130.51,16.401,11.995,,2811.997,20.96,-3.484,-583.336,36129.07,,-2.445,-288.696,2372.589,1061.297,25754.752,11520.51,37.742,71.285,-13.513,-536.498,3433.639,1243.336,556.164,7676.095,-7.209,-31.962,919.669,411.382,19.778,21.246,,-20.276,-186.885,721.812,618.937,276.86,1613.651,9.846,4.466,-5.136,-294.638,4640.599,3771.737,1687.158,10374.32,59.999,28.715,,,-16.827,-314.731,1522.534,1360.507,608.577,3403.712,21.642,9.421,3.539,210.148,6148.367,98.198,43.926,13745.021,-7.066,-14.809,435.425,194.772,1.562,38.044,551.047,173.996,,-1.156,-6.49,388.979,,1231.898,6.188,,3.41,6286.379,16161.107,1.616,20.093,3118.064,2411.229,1078.581,6970.609,38.356,19.294,27.058,113.507,540.303,463.297,207.24,1207.878,7.37,3.343,8.836,85.312,1096.26,940.017,420.484,2450.75,14.953,6.783
7295,Finland,2022,FIN,5540745.0,,87.786,6.376,2461.647,13.639,2514.102,13.93,19.171,4.175,131.709,-0.129,-0.044,6123.523,33.929,537.834,2.98,,,,,4.101,10.385,85.18,72.66,33.606,2.166,6.927,58966.16,,-5.895,-8.632,1422.191,7.88,24868.705,137.791,10.845,42.175,-47.894,-9.95,10.826,238.235,1.32,1953.809,,,,,1.817,3.313,9.57,-13.487,-5.703,35.617,2479.811,13.74,6428.19,18.91,10.901,14.617,15.558,188.925,11691.568,64.78,34097.453,89.155,57.825,12.52,14.698,6.962,3.894,63.148,4528.272,25.09,11396.982,34.531,19.328,1.486,1.362,93.037,646.122,3.58,16791.373,,,,,4.927,28.476,44.666,13.93,0.0,3.041,1.318,2514.102,0.0,8061.314,19.171,0.0,13.671,13113.76,326.716,18.622,11.664,125.778,7163.296,39.69,22700.471,54.624,38.497,5.807,0.042,0.821,54.144,0.3,148.123,0.413,0.251,45.525,9.631,31.035,2115.239,11.72,5601.196,16.13,9.499
7418,France,2022,FRA,64626624.0,,18.942,6.599,641.209,41.439,155.199,10.03,2.131,1.779,84.879,-6.084,-3.852,920.022,59.458,68.238,4.41,,,,,0.937,2.552,485.78,470.67,27.577,-10.774,-281.325,36051.793,,-4.02,-52.432,886.322,57.28,19371.66,1251.925,12.17,53.733,-10.849,-46.696,383.718,668.3,43.19,5937.455,,,,,9.176,16.469,39.95,-24.005,-37.279,116.242,716.268,46.29,1798.676,9.835,4.989,-16.007,-228.893,1077.981,6396.59,413.39,16680.135,87.83,46.267,15.11,3.11,-22.309,-215.201,737.357,4609.246,297.88,11409.492,63.289,31.648,-0.232,-1.883,808.749,149.783,9.68,12514.184,,,,,2.057,34.712,31.367,10.61,0.58,5.237,1.561,164.174,8.975,485.354,2.254,0.123,1.346,7282.912,2329.906,-0.573,-13.691,340.624,1787.344,115.51,5270.644,24.542,14.62,31.953,12.564,52.484,310.244,20.05,812.113,4.26,2.253,3.352,2.863,99.091,596.658,38.56,1533.291,8.193,4.253
7525,G20 (Ember),2022,,,,,,,,,631.83,2.608,,442.566,,,,,,9497.88,,,,,39.211,,24222.391,24222.391,,,,,,,,,14574.57,,,60.17,,,,,,4558.67,,,,,,18.82,,10720.0,,,,,3286.99,,13.57,,,,,,9647.82,,39.83,,,,,,,,2464.66,,10.175,,,,,,518.02,,,,,,2.139,,,690.76,58.93,,,,,,2.852,0.243,,,,,,,,7183.16,,29.655,,,,,,1191.62,,4.919,,,,,,2013.79,,8.314,
7548,G7 (Ember),2022,,,,,,,,,207.57,2.731,,344.306,,,,,,1427.42,,,,,18.78,,7600.92,7600.92,,,,,,,,,4086.53,,,53.764,,,,,,2512.19,,,,,,33.051,,2617.04,,,,,815.59,,10.73,,,,,,3514.39,,46.236,,,,,,,,1287.05,,16.933,,,,,,146.92,,,,,,1.933,,,232.39,24.82,,,,,,3.057,0.327,,,,,,,,2227.34,,29.304,,,,,,434.75,,5.72,,,,,,744.61,,9.796,
7671,Gabon,2022,GAB,2388997.0,,,,,,,,,,,,,,,,,,,,,,,,,,,,,,,,,,,,,,,,,,,,0.0,,,,,,,,,,,,,,,,,,,,,,,,,,0.0,0.0,0.0,0.0,0.0,,,,,,,,,5.427,5.709,46427.254,110.915,,,,,,,,,,,,,,,,,,,,,,,,,,,,,,,,,,,,,,,
7744,Georgia,2022,GEO,3744385.0,,,,,,0.0,0.0,0.0,,134.831,,,,,0.0,0.0,,,,,0.0,,14.83,14.24,,,,,,,,905.356,3.39,,,23.806,,,,,905.356,3.39,,,,,,23.806,,1.92,,,,2876.307,10.77,,75.632,,,,,2897.672,10.85,,76.194,,0.59,3.978,,,,0.0,0.0,,0.0,,,,,0.0,0.0,,,,,,0.0,,,0.0,0.0,,,0.0,0.0,,0.0,0.0,,3803.028,,,,,2897.672,10.85,,76.194,,,,,0.0,0.0,,0.0,,,,,21.365,0.08,,0.562,
7867,Germany,2022,DEU,83369840.0,,-0.588,-0.205,416.013,34.683,497.902,41.51,7.405,1.015,385.389,4.066,25.288,7763.265,647.222,2146.34,178.94,4.909,15.725,4030.934,336.058,31.922,18.945,533.3,560.55,19.213,-3.752,-133.169,40977.492,,-3.575,-96.504,3370.043,280.96,31225.268,2603.246,50.122,76.201,-15.743,-144.415,772.9,957.181,79.8,9270.737,-6.162,-2.795,510.649,42.573,14.236,22.624,216.03,-10.973,-5.811,45.625,204.63,17.06,547.259,3.043,1.336,-4.34,-36.665,813.041,3353.611,279.59,9752.221,49.878,23.799,-27.25,-5.11,-49.805,-86.77,86.812,430.132,35.86,1041.292,6.397,2.541,1.949,22.623,1183.124,266.523,22.22,14191.266,0.0,,,,3.964,34.632,160.801,41.75,0.24,0.065,0.102,500.781,2.879,1928.766,7.448,0.043,4.707,6723.654,3416.287,7.347,50.105,726.229,2923.479,243.73,8710.929,43.481,21.258,23.2,29.373,158.48,719.805,60.01,1900.926,10.706,4.639,9.281,26.646,326.64,1498.264,124.91,3917.965,22.283,9.561
8154,Greece,2022,GRC,10384972.0,,-10.074,-0.261,224.004,2.326,48.146,0.5,0.955,0.737,344.413,0.51,0.102,1927.131,20.013,527.686,5.48,13.294,2.225,1825.93,18.962,10.468,6.337,55.8,52.35,18.837,4.396,13.298,30410.344,,4.665,11.277,2864.716,29.75,24361.199,252.99,56.829,80.108,-11.226,-7.836,61.967,1883.491,19.56,5966.988,0.0,,,,37.364,19.622,18.03,-22.921,-3.584,11.863,455.466,4.73,1142.348,9.035,3.756,2.8,2.022,62.82,2176.221,22.6,6049.146,43.171,19.892,3.45,6.183,,0.0,0.0,0.0,0.0,0.0,0.0,0.0,12.507,19.011,171.01,453.54,4.71,16467.082,0.0,,,,8.997,54.15,1.617,0.5,0.0,1.476,0.024,48.146,0.0,155.715,0.955,0.0,0.512,5040.938,315.811,2.8,2.022,62.82,2176.221,22.6,6049.146,43.171,19.892,36.226,4.909,18.649,625.904,6.5,1795.8,12.416,5.905,3.782,0.934,28.364,1046.705,10.87,2731.278,20.764,8.981
8815,High-income countries,2022,,1224121770.0,,5.548,37.138,577.188,706.549,,,,1.022,,-3.969,-331.187,6546.317,8013.489,1690.251,2069.073,0.078,6.145,6457.036,7904.198,17.558,11.593,,11784.17,19.375,0.731,501.688,56468.691,,0.596,325.625,4754.314,5819.859,44889.199,54949.848,49.387,79.494,-0.386,-76.883,19862.852,2861.398,3502.7,16226.206,3.823,729.053,16175.348,19800.596,29.724,28.735,,-4.636,-171.834,3276.302,1026.587,1256.668,2676.451,10.664,4.74,1.772,176.063,14174.709,4219.979,5165.769,11579.492,43.837,20.506,,,-5.972,-309.183,4586.886,1497.757,1833.437,3747.083,15.558,6.636,2.786,733.695,27073.508,202.665,248.086,22116.678,6.582,1594.67,21093.654,25821.201,2.105,39.166,1182.285,379.285,,1.169,12.664,309.842,,965.823,3.219,,1.71,9626.632,69124.555,5.725,485.246,9587.823,2722.222,3332.331,7832.41,28.278,13.87,22.199,301.099,1685.25,528.051,646.399,1376.701,5.485,2.438,13.005,306.178,2737.438,857.741,1049.979,2236.247,8.91,3.96
8915,Hong Kong,2022,HKG,7488863.0,,25.0,0.082,54.896,0.411,,,,0.188,,-1.646,-0.699,5577.059,41.766,,,,,,,,19.131,,36.233,16.618,-10.278,-25.009,29152.305,,-10.34,-25.082,,,29040.893,217.483,,99.618,-6.444,-3.11,45.145,,,6028.294,,,,,,20.679,,,0.0,0.0,0.0,0.0,0.0,0.0,0.0,16.785,0.073,0.834,19.008,0.142,111.412,0.393,0.382,,,,0.0,0.0,0.0,0.0,0.0,0.0,0.0,-14.01,-21.273,130.572,,,17435.541,,,,,,59.808,0.284,0.089,,-2.915,-0.009,11.896,,37.974,0.246,,0.13,4838.312,218.318,16.785,0.073,0.834,19.008,0.142,111.412,0.393,0.382,0.0,-0.0,0.136,6.975,0.052,18.185,0.144,0.062,0.0,-0.0,0.003,0.137,0.001,0.357,0.003,0.001
9038,Hungary,2022,HUN,9967304.0,,5.963,0.196,349.898,3.488,225.738,2.25,6.31,1.312,222.098,-13.379,-2.133,1385.822,13.813,290.951,2.9,-1.197,-0.108,891.243,8.883,8.132,5.198,47.81,35.66,15.575,-6.428,-18.256,26660.49,,-8.693,-19.225,1217.982,12.14,20260.748,201.945,34.044,75.995,-15.089,-16.311,91.793,890.913,8.88,9209.361,0.0,,,,24.902,34.543,7.92,-16.889,-0.095,0.459,19.062,0.19,46.087,0.533,0.173,2.28,0.97,63.788,2359.715,23.52,6399.742,65.956,24.005,12.15,25.413,-1.111,-0.591,39.559,1587.189,15.82,3968.923,44.363,14.887,-0.804,-0.78,96.34,36.118,0.36,9665.565,0.0,,,,1.01,36.254,6.584,2.26,0.01,-7.997,-0.567,226.741,1.003,660.609,6.338,0.028,2.478,3577.698,265.733,7.592,1.56,24.229,772.526,7.7,2430.819,21.593,9.118,22.478,2.188,12.121,465.522,4.64,1216.101,13.012,4.561,-8.958,-0.161,1.576,61.2,0.61,158.123,1.711,0.593
9096,Iceland,2022,ISL,372903.0,,9.083,0.019,627.561,0.234,,,,,,,0.0,0.0,0.0,,,,,,,,,,20.108,66.661,6.434,3.739,165870.875,,0.0,,,,,,,,,,,,,,,,,,,,,2.693,0.837,36.958,38014.523,14.176,99108.984,70.496,,2.589,1.109,52.028,53916.359,20.106,139521.328,99.986,,,,,0.0,0.0,0.0,0.0,0.0,0.0,,36.542,2.63,9.826,,,26349.566,,,,,,,14.821,5.924,,2.112,0.253,15886.462,,39744.688,29.461,,,53924.141,61.854,2.589,1.109,52.028,53916.359,20.106,139521.328,99.986,,,0.0,0.0,0.0,0.0,0.0,0.0,,-5.816,-0.001,0.015,15.374,0.006,40.082,0.029,
9219,India,2022,IND,1417173120.0,,14.897,4.693,25.542,36.198,28.747,40.74,2.193,0.358,633.398,4.133,221.5,3938.424,5581.429,973.84,1380.1,12.248,455.259,2944.155,4172.377,74.28,55.134,1855.66,1857.98,19.728,5.618,538.468,7143.406,,4.743,405.456,1009.7,1430.92,6318.812,8954.851,77.015,88.457,-6.286,-39.025,581.839,33.193,47.04,410.563,4.426,12.631,210.291,298.019,2.532,5.747,1176.84,9.101,36.513,456.052,123.429,174.92,321.804,9.415,4.505,13.291,133.01,1168.592,301.346,427.06,824.593,22.985,11.543,-2.32,-0.125,5.184,5.294,115.57,32.593,46.19,81.549,2.486,1.142,8.681,222.982,2791.583,2.667,3.78,1969.825,-2.758,-10.892,271.002,384.057,0.203,27.575,130.065,40.745,,10.838,12.719,28.751,,91.778,2.193,,1.285,1311.047,10123.443,14.266,127.717,1053.022,268.753,380.87,743.044,20.499,10.402,39.312,69.356,248.09,67.148,95.16,175.06,5.122,2.451,2.865,4.437,182.617,49.429,70.05,128.86,3.77,1.804
9342,Indonesia,2022,IDN,275501344.0,,12.307,10.59,350.763,96.636,74.845,20.62,6.182,3.559,619.026,59.39,453.281,4415.625,1216.511,745.223,205.31,10.038,353.562,14068.312,3875.839,61.555,44.808,334.51,333.54,12.829,25.986,559.973,9854.455,,27.31,522.961,973.244,268.13,8848.812,2437.859,80.389,89.795,-0.177,-0.657,370.15,205.843,56.71,1343.551,-2.651,-15.719,2095.092,577.201,17.002,13.634,206.47,10.519,6.538,71.162,99.092,27.3,258.299,8.185,2.621,13.805,37.012,277.056,237.422,65.41,1005.643,19.611,10.205,0.97,0.29,,0.0,0.0,0.0,0.0,0.0,0.0,0.0,9.008,70.337,851.199,22.178,6.11,3089.636,-6.995,-27.474,1325.955,365.302,1.832,31.353,107.549,37.31,16.69,20.805,19.822,135.426,60.58,390.375,11.186,5.004,3.961,1210.666,2714.916,13.805,37.012,277.056,237.422,65.41,1005.643,19.611,10.205,55.607,0.277,0.781,1.597,0.44,2.836,0.132,0.029,-18.535,-0.215,0.928,1.307,0.36,3.369,0.108,0.034
9465,Iran,2022,IRN,88550568.0,,,,,,0.226,0.02,0.006,,487.864,8.0,1.566,238.722,21.139,8.47,0.75,0.0,,,,0.215,0.626,347.26,348.13,10.387,0.469,15.771,38133.086,,0.821,27.154,3750.512,332.11,37669.102,3335.62,95.398,98.783,-3.193,-75.513,2289.14,3390.041,300.19,25851.219,1.071,27.485,29293.842,2593.986,86.229,67.792,169.84,-49.916,-19.509,19.433,84.133,7.45,219.453,2.14,0.575,-20.654,-11.382,41.086,180.914,16.02,463.985,4.602,1.217,-0.87,-0.251,85.664,7.547,16.427,74.195,6.57,185.511,1.887,0.486,10.939,101.101,1025.341,352.002,31.17,11579.161,4.59,90.111,23186.455,2053.174,8.954,30.365,0.071,0.022,,0.0,0.0,0.252,,0.803,0.006,,0.002,3931.426,3376.707,-43.233,-18.929,24.659,106.719,9.45,278.474,2.715,0.73,18.321,0.289,1.905,8.244,0.73,21.516,0.21,0.056,10.251,0.291,3.25,14.116,1.25,36.702,0.359,0.096
9588,Iraq,2022,IRQ,44496124.0,,,,,,,,,,,,,,,,,,,,,,,,117.237,18.479,10.876,62.818,14392.053,,0.0,,,,,,,,11.994,20.205,188.671,,,4240.163,3.534,3.218,2119.016,94.288,,,,-1.584,-0.17,8.585,74.007,3.293,192.945,2.809,,-0.196,-0.055,9.686,83.496,3.715,217.686,3.169,,,,,0.0,0.0,0.0,0.0,0.0,0.0,,10.684,42.668,442.034,,,9934.205,10.198,238.191,57844.074,2573.837,,,0.0,0.0,,,0.0,0.0,,0.0,0.0,,,2634.76,640.391,-0.196,-0.055,9.686,83.496,3.715,217.686,3.169,,12.137,0.116,1.101,9.49,0.422,24.74,0.36,,,0.0,0.0,0.0,0.0,0.0,0.0,
9711,Ireland,2022,IRL,5023108.0,,50.039,1.033,616.598,3.097,199.08,1.0,2.976,1.633,346.429,-13.961,-1.916,2350.33,11.806,491.727,2.47,,,,,7.351,6.224,33.82,33.6,20.052,5.686,10.205,37761.402,,3.445,5.045,4107.019,20.63,30159.404,151.494,61.399,79.868,2.032,1.036,52.0,3290.792,16.53,10352.098,,,,,49.196,27.414,11.64,-5.703,-0.119,1.842,139.356,0.7,366.747,2.083,0.971,19.345,5.16,38.186,2582.067,12.97,7601.997,38.601,20.132,0.22,0.651,,0.0,0.0,0.0,0.0,0.0,0.0,0.0,7.246,5.925,87.688,324.5,1.63,17456.975,,,,,4.851,46.23,3.302,1.0,0.0,3.926,0.125,199.08,0.0,657.328,2.976,0.0,1.741,6689.085,189.68,19.345,5.16,38.186,2582.067,12.97,7601.997,38.601,20.132,45.782,0.11,0.353,17.917,0.09,70.353,0.268,0.186,16.102,4.011,29.591,2225.714,11.18,5890.969,33.274,15.601
9834,Israel,2022,ISR,9038313.0,,17.445,0.094,69.913,0.632,,,,0.208,,-1.214,-0.534,4805.841,43.437,,,,,,,,14.285,,76.477,26.162,4.84,14.038,33643.016,,3.438,9.452,,,31467.791,284.416,,93.534,-3.195,-3.726,112.869,,,12487.85,,,,,,37.119,,-1.331,-0.001,0.061,2.598,0.023,6.773,0.031,0.02,30.271,4.586,19.66,804.54,7.272,2175.225,9.508,6.466,,,,0.0,0.0,0.0,0.0,0.0,0.0,0.0,11.986,13.712,128.11,,,14174.101,,,,,,42.131,0.383,0.12,,0.0,0.0,13.277,,42.382,0.157,,0.126,8461.397,304.076,30.271,4.586,19.66,804.54,7.272,2175.225,9.508,6.466,32.575,4.493,18.494,784.848,7.094,2046.204,9.276,6.082,0.0,-0.0,0.09,3.817,0.035,9.953,0.045,0.03
9957,Italy,2022,ITA,59037472.0,,-11.609,-1.605,206.942,12.217,311.328,18.38,6.455,0.716,372.634,30.055,19.591,1435.913,84.773,367.902,21.72,,,,,7.628,4.967,327.72,284.73,18.505,-3.068,-54.019,28910.201,,-1.215,-17.507,3078.214,181.73,24111.465,1423.48,63.825,83.401,-9.816,-71.044,652.692,2456.745,145.04,11055.562,-0.818,-0.26,534.932,31.581,50.939,38.241,106.1,-37.958,-45.35,73.416,521.194,30.77,1243.551,10.807,4.301,-11.789,-36.512,283.305,1744.655,103.0,4798.736,36.175,16.599,42.99,13.118,,0.0,0.0,0.0,0.0,0.0,0.0,0.0,5.206,33.946,686.015,253.568,14.97,11619.991,-7.877,-4.434,878.403,51.859,5.258,40.193,72.053,24.22,5.84,7.181,5.104,410.248,98.92,1220.469,8.506,2.051,4.222,4822.869,1706.785,-11.789,-36.512,283.305,1744.655,103.0,4798.736,36.175,16.599,9.909,6.23,71.749,469.702,27.73,1215.307,9.739,4.204,-1.266,-0.89,53.87,343.511,20.28,912.466,7.123,3.156
10122,Japan,2022,JPN,123951696.0,,8.998,0.475,46.457,5.758,334.646,41.48,4.013,0.116,494.857,-0.288,-3.943,11016.588,1365.525,2811.418,348.48,3.325,0.151,37.906,4.699,33.717,27.552,1033.55,1033.55,23.014,-0.556,-27.691,39984.914,,-0.804,-34.083,6089.873,754.85,33936.066,4206.433,73.035,84.872,-3.005,-31.14,1004.983,2908.714,360.54,8107.861,0.0,,,,34.884,20.277,511.46,-5.908,-13.017,195.23,604.106,74.88,1575.05,7.245,3.939,0.696,6.392,749.764,2248.457,278.7,6048.843,26.965,15.128,0.0,0.0,-15.433,-24.199,129.528,417.663,51.77,1044.988,5.009,2.613,0.054,1.0,1835.925,369.741,45.83,14811.619,0.0,,,,4.434,37.043,130.974,41.481,,16.006,18.237,334.654,,1056.654,4.013,,2.643,8338.329,4956.198,5.158,30.591,620.236,1830.794,226.93,5003.856,21.956,12.514,10.816,25.174,266.965,826.128,102.4,2153.785,9.908,5.386,-0.93,-0.279,21.309,65.913,8.17,171.91,0.79,0.43
10202,Kazakhstan,2022,KAZ,19397998.0,,,0.0,0.0,0.0,0.0,0.0,0.0,0.0,635.574,2.226,8.68,20552.039,398.668,3491.597,67.73,1.518,7.507,25885.283,502.123,60.055,45.976,112.22,112.78,13.348,6.429,52.383,44701.98,,6.433,50.294,5154.655,99.99,42896.316,832.103,88.659,95.961,0.45,0.972,217.139,1658.418,32.17,11193.862,-2.75,-7.341,13383.524,259.614,28.525,25.041,71.68,-0.022,-0.093,24.003,469.121,9.1,1237.372,8.069,2.768,6.733,2.089,35.026,659.346,12.79,1805.66,11.341,4.039,-0.56,-0.499,,0.0,0.0,0.0,0.0,0.0,0.0,0.0,23.138,40.642,216.296,4.64,0.09,11150.415,-2.025,-20.222,50445.234,978.537,0.08,24.944,0.007,0.002,,-19.573,-0.002,0.106,,0.339,0.002,,0.001,5814.002,867.129,6.733,2.089,35.026,659.346,12.79,1805.66,11.341,4.039,4.058,0.157,4.42,72.688,1.41,227.836,1.25,0.51,44.88,2.027,6.598,117.538,2.28,340.114,2.022,0.761
10245,Kenya,2022,KEN,54027484.0,,,,,,3.332,0.18,1.456,,101.133,,,,,0.0,0.0,,,,,0.0,,12.5,12.36,,,,,,,,23.507,1.27,,,10.275,,,,,0.0,0.0,,,,,,0.0,,1.25,,,,61.82,3.34,,27.023,,,,,205.266,11.09,,89.725,,0.14,1.12,,,,0.0,0.0,,0.0,,,,,23.507,1.27,,,,,,10.275,,,5.77,5.59,,,106.797,103.466,,46.683,45.227,,228.772,,,,,205.266,11.09,,89.725,,,,,5.553,0.3,,2.427,,,,,31.095,1.68,,13.592,
10310,Kosovo,2022,,1659721.0,,,,,,0.0,0.0,0.0,,767.004,,,,,3880.17,6.44,,,,,93.198,,7.46,6.91,,,,,,,,3892.221,6.46,,,93.488,,,,,0.0,0.0,,,,,,0.0,,5.3,,,,180.753,0.3,,4.342,,,,,271.13,0.45,,6.512,,0.55,7.373,,,,0.0,0.0,,0.0,,,,,12.05,0.02,,,,,,0.289,,,0.0,0.0,,,0.0,0.0,,0.0,0.0,,4163.35,,,,,271.13,0.45,,6.512,,,,,12.05,0.02,,0.289,,,,,78.326,0.13,,1.881,
10433,Kuwait,2022,KWT,4268886.0,,,,,,0.0,0.0,0.0,,574.561,66.399,0.5,293.47,1.253,0.0,0.0,,,,,0.0,,73.43,73.43,16.577,6.4,26.674,103882.75,,6.409,26.676,17189.496,73.38,103752.008,442.905,99.932,,10.26,20.273,217.857,10243.89,43.73,51033.602,10.421,12.601,31276.859,133.517,59.553,,42.19,,,,0.0,0.0,,0.0,,,,,11.713,0.05,,0.068,,0.0,0.0,,0.0,0.0,0.0,0.0,0.0,0.0,,2.71,5.904,223.796,6945.606,29.65,52424.934,12.161,183.741,396980.625,1694.665,40.379,,0.0,0.0,0.0,,0.0,0.0,0.0,0.0,0.0,0.0,,17201.209,443.464,,,,11.713,0.05,,0.068,,0.0,-0.002,0.546,4.685,0.02,127.836,0.027,,0.0,-0.0,0.012,7.028,0.03,2.903,0.041,
10528,Latin America and Caribbean (Ember),2022,,,,,,,,,78.95,4.506,,237.909,,,,,,72.66,,,,,4.147,,1752.1,1752.1,,,,,,,,,646.95,,,36.924,,,,,,414.62,,,,,,23.664,,416.84,,,,,782.38,,44.654,,,,,,1105.15,,63.076,,,,,,,,32.37,,1.847,,,,,,159.67,,,,,,9.113,,,88.59,9.64,,,,,,5.056,0.55,,,,,,,,1072.78,,61.228,,,,,,65.17,,3.72,,,,,,136.64,,7.799,
10566,Latvia,2022,LVA,1850654.0,,-25.221,-0.142,227.045,0.42,367.438,0.68,13.412,1.059,183.432,8.554,0.019,128.394,0.238,0.0,0.0,,,,,0.0,0.599,7.38,5.07,15.333,-6.436,-2.729,21435.611,,-8.279,-2.617,767.296,1.42,15667.594,28.995,28.008,73.091,-30.066,-3.484,8.104,767.296,1.42,4379.127,,,,,28.008,20.429,0.93,1.598,0.087,7.172,1496.768,2.77,3875.6,54.635,18.08,-2.478,-0.112,10.675,1972.276,3.65,5768.018,71.992,26.909,2.31,31.301,,0.0,0.0,0.0,0.0,0.0,0.0,0.0,4.283,0.848,20.653,0.0,0.0,11160.071,,,,,0.0,52.063,2.557,0.68,0.0,-7.067,-0.194,367.438,0.0,1381.468,13.412,0.0,6.445,2739.572,39.67,-2.478,-0.112,10.675,1972.276,3.65,5768.018,71.992,26.909,0.0,-0.0,0.018,5.403,0.01,9.575,0.197,0.045,37.681,0.138,0.508,102.666,0.19,274.33,3.748,1.28
10815,Libya,2022,LBY,6812344.0,,,,,,,,,,,,,,,,,,,,,,,,,,,,,,,,,,,,,,,,,,,,2.41,3.488,21758.996,148.23,,,,,,,,,,,,,,,,,,,,,,,0.0,0.0,0.0,0.0,0.0,,,,,,,,,-14.471,-100.388,87097.531,593.338,,,,,,,,,,,,,,,,,,,,,,,,,,,,,,,,,,,,,,,
10853,Lithuania,2022,LTU,2750058.0,,-10.081,-0.149,481.711,1.325,239.995,0.66,15.752,2.081,195.704,3.486,0.075,812.267,2.234,0.0,0.0,,,,,0.0,3.509,12.76,4.19,6.964,-9.241,-6.483,23151.053,,-9.29,-5.706,385.446,1.06,20259.76,55.716,25.298,87.511,-27.861,-6.208,16.074,221.814,0.61,5844.902,,,,,14.558,25.247,0.82,21.629,0.213,1.217,163.633,0.45,442.436,10.74,1.911,-7.176,-0.777,7.951,1138.158,3.13,2891.293,74.702,12.489,8.57,67.163,,0.0,0.0,0.0,0.0,0.0,0.0,0.0,1.154,0.427,37.408,163.633,0.45,13602.591,,,,,10.74,58.756,0.929,0.66,0.0,-57.533,-1.259,239.995,0.0,337.918,15.752,0.0,1.46,1523.604,63.667,-7.176,-0.777,7.951,1138.158,3.13,2891.293,74.702,12.489,8.163,0.039,0.538,156.36,0.43,195.65,10.263,0.845,11.05,0.379,3.942,578.17,1.59,1433.578,37.947,6.192
10976,Low-income countries,2022,,717587377.0,,,,,,,,,,,,,,,,,0.0,,,,,,,,,,,,,,,,,,,,,,,,,,,-0.227,-0.073,44.572,31.984,,,,,,,,,,,,,,,,,,,,,,,0.0,0.0,0.0,0.0,0.0,,,,,,,,,-1.697,-4.911,396.541,284.553,,,,,,,,,,,,,,,,,,,,,,,,,,,,,,,,,,,,,,,
11099,Lower-middle-income countries,2022,,3447030624.0,,13.157,16.312,40.698,140.288,,,,0.611,,6.756,514.616,2359.007,8131.568,496.579,1711.723,10.158,809.643,2547.231,8780.383,46.37,35.431,,3691.433,17.127,4.104,904.832,6657.952,,3.692,731.92,686.95,2367.939,5963.754,20557.244,64.147,89.573,-5.043,-305.577,5754.108,173.379,597.644,1669.294,-2.434,-176.194,2049.266,7063.881,16.19,25.072,,7.786,69.874,1015.077,112.951,389.346,294.479,10.547,4.423,8.311,172.91,2392.92,248.409,856.275,694.197,23.196,10.427,,,-8.198,-31.998,343.025,39.777,137.111,99.513,3.714,1.495,8.504,522.881,6671.568,16.992,58.571,1935.454,0.173,9.803,1650.231,5688.396,1.587,29.07,275.956,92.556,,13.922,34.714,26.851,,80.056,2.507,,1.202,1070.902,22950.164,11.511,204.908,2049.895,208.633,719.164,594.684,19.482,8.932,23.85,68.901,363.374,40.434,139.377,105.417,3.776,1.583,6.681,15.108,255.201,28.397,97.886,74.035,2.652,1.112
11157,Luxembourg,2022,LUX,647601.0,,-6.18,-0.098,2293.701,1.485,633.106,0.41,33.333,3.802,162.602,5.098,0.025,794.276,0.514,0.0,0.0,,,,,0.0,1.316,6.74,1.23,3.292,-9.711,-4.202,60334.328,,-10.404,-4.045,277.949,0.18,53787.578,34.833,14.634,89.149,-21.405,-1.667,6.122,169.858,0.11,9453.912,,,,,8.943,15.669,0.2,-35.292,-0.099,0.18,123.533,0.08,278.25,6.504,0.461,-4.324,-0.158,4.24,1621.369,1.05,6546.746,85.366,10.851,5.51,81.751,,0.0,0.0,0.0,0.0,0.0,0.0,0.0,-7.851,-2.402,28.196,108.091,0.07,43539.391,,,,,5.691,72.164,1.137,0.41,0.0,-8.357,-0.104,633.106,0.0,1755.519,33.333,0.0,2.91,1899.318,39.073,-4.324,-0.158,4.24,1621.369,1.05,6546.746,85.366,10.851,20.19,0.093,0.565,386.04,0.25,871.864,20.325,1.445,6.483,0.05,0.873,478.69,0.31,1347.412,25.203,2.233
11322,Madagascar,2022,MDG,29611718.0,,,,,,,,,,,,,,,,,,,,,,,,,,,,,,,,,,,,,,,,,,,,,,,,,,,,,,,,,,,,,,,,,,,,,,0.0,0.0,0.0,0.0,0.0,,,,,,,,,,,,,,,,,,,,,,,,,,,,,,,,,,,,,,,,,,,,,,,,,,,
11487,Malaysia,2022,MYS,33938216.0,,9.648,1.229,411.542,13.967,33.885,1.15,0.635,1.04,543.873,-0.724,-1.901,7677.032,260.545,2250.855,76.39,0.0,,,,42.183,19.393,179.44,181.09,14.119,5.593,71.159,39586.996,,5.605,65.497,4316.667,146.5,36360.508,1234.011,80.899,91.85,-0.134,-0.665,493.819,2013.954,68.35,14550.536,5.663,44.188,24293.451,824.476,37.744,36.756,98.49,5.234,3.921,84.758,905.174,30.72,2497.434,16.964,6.309,6.451,5.662,109.501,1019.205,34.59,3226.491,19.101,8.15,-1.65,-0.92,,0.0,0.0,0.0,0.0,0.0,0.0,0.0,16.537,68.063,479.647,51.859,1.76,14132.938,-1.98,-5.996,8747.669,296.88,0.972,35.701,3.682,1.153,,0.0,0.0,33.986,,108.489,0.637,,0.274,5335.873,1343.512,6.451,5.662,109.501,1019.205,34.59,3226.491,19.101,8.15,8.175,0.512,7.094,80.146,2.72,209.026,1.502,0.528,,0.0,0.0,0.0,0.0,0.0,0.0,0.0
11614,Malta,2022,MLT,533293.0,,,,,,18.751,0.01,0.429,,433.476,,,,,0.0,0.0,,,,,0.0,,2.97,2.33,,,,,,,,3731.532,1.99,,,85.408,,,,,3637.775,1.94,,,,,,83.262,,1.01,,,,0.0,0.0,,0.0,,,,,637.548,0.34,,14.592,,0.64,21.549,,,,0.0,0.0,,0.0,,,,,93.757,0.05,,,,,,2.146,,,0.01,0.0,,,18.751,0.0,,0.429,0.0,,4369.08,,,,,637.548,0.34,,14.592,,,,,618.797,0.33,,14.163,,,,,0.0,0.0,,0.0,
11863,Mexico,2022,MEX,127504120.0,,7.245,0.184,21.353,2.723,49.018,6.25,1.788,0.112,423.805,26.6,14.663,547.351,69.79,170.191,21.7,0.062,0.024,299.875,38.235,6.209,2.879,351.92,349.5,15.381,9.214,204.483,19009.186,,10.558,208.141,2035.228,259.5,17093.922,2179.545,74.249,89.925,-0.767,-7.47,965.857,1477.913,188.44,7575.104,5.169,19.832,3164.708,403.513,53.917,39.85,148.12,2.431,1.877,93.121,276.854,35.3,730.338,10.1,3.842,-1.138,-3.658,244.204,705.86,90.0,1915.264,25.751,10.075,2.42,0.688,-9.003,-2.795,27.144,81.252,10.36,212.884,2.964,1.12,21.31,200.947,1143.899,387.125,49.36,8971.466,1.237,13.881,8909.648,1136.017,14.123,47.195,17.999,10.72,4.47,10.359,1.848,84.076,35.058,141.164,3.067,1.279,0.743,2741.088,2423.75,-0.031,-0.863,217.061,624.607,79.64,1702.381,22.787,8.956,-4.562,-2.595,50.249,105.016,13.39,394.095,3.831,2.073,-3.596,-2.177,52.969,158.662,20.23,415.432,5.788,2.185
11963,Middle Africa (EI),2022,,,,,,,,,,,,,8.634,0.199,,2.5,,,,,,,,0.965,,45.406,26.219,-4.707,-12.791,,,-7.757,-14.562,,,,173.177,,66.872,-10.554,-6.274,53.177,,,,,,,,,20.534,,1.282,0.763,84.408,,32.376,,71.303,32.594,2.482,1.771,85.789,,,,,33.128,,,,,,,,,,,-6.736,-8.487,117.5,,,,,,,,,45.373,0.167,0.052,,0.0,0.0,,,,0.115,,0.064,,258.966,2.482,1.771,85.789,,32.894,,72.444,33.128,552.519,1.008,1.191,,0.457,,1.006,0.46,0.0,-0.0,0.023,,0.009,,0.02,0.009
12021,Middle East (EI),2022,,,,17.445,0.094,,0.632,,,,0.006,,3.927,3.885,,102.829,,18.526,25.757,2.67,,13.038,1.357,0.946,,1365.114,12.68,4.292,447.308,,,4.125,423.847,,1298.855,,10699.223,95.146,98.434,-0.265,-14.91,5605.597,,983.02,,2.136,150.873,,7213.166,72.01,51.572,,-37.642,-19.684,32.295,,12.387,,0.907,0.297,17.162,23.461,170.189,,66.044,,4.838,1.566,,,89.359,31.359,66.725,,26.671,,1.954,0.614,9.545,434.871,4990.797,,297.309,,9.548,1461.293,,16765.377,21.779,45.916,0.981,0.307,,2.303,0.022,,,,0.023,,0.009,,10869.412,-6.584,-7.898,103.464,,39.374,,2.884,0.952,23.196,11.446,61.764,,23.69,,1.735,0.568,3.345,0.225,7.793,,2.989,,0.219,0.072
12233,Moldova,2022,MDA,3272993.0,,,,,,6.111,0.02,0.357,,666.667,,,,,1096.855,3.59,,,,,63.993,,9.79,5.61,,,,,,,,1591.815,5.21,,,92.87,,,,,494.96,1.62,,,,,,28.877,,3.74,,,,88.604,0.29,,5.169,,,,,122.212,0.4,,7.13,,4.18,42.697,,,,0.0,0.0,,0.0,,,,,0.0,0.0,,,,,,0.0,,,0.02,0.0,,,6.111,0.0,,0.357,0.0,,1714.028,,,,,122.212,0.4,,7.13,,,,,3.055,0.01,,0.178,,,,,24.442,0.08,,1.426,
12356,Mongolia,2022,MNG,3398373.0,,,,,,0.0,0.0,0.0,,749.656,,,,,1950.934,6.63,21.729,37.16,61256.816,208.174,91.197,,8.9,7.27,,,,,,,,1950.934,6.63,,,91.197,,,,,0.0,0.0,,,,,,0.0,,5.45,,,,23.541,0.08,,1.1,,,,,188.325,0.64,,8.803,,1.63,18.315,,0.0,0.0,0.0,0.0,0.0,0.0,,,,,0.0,0.0,,0.0,,,,0.0,,,0.0,0.0,,,0.0,0.0,,0.0,0.0,,2139.259,,,,,188.325,0.64,,8.803,,,,,41.196,0.14,,1.926,,,,,123.589,0.42,,5.777,
12379,Montenegro,2022,MNE,627082.0,,,,,,0.0,0.0,0.0,,392.749,,,,,2471.766,1.55,,,,,46.828,,3.45,3.31,,,,,,,,2471.766,1.55,,,46.828,,,,,0.0,0.0,,,,,,0.0,,1.3,,,,2312.297,1.45,,43.807,,,,,2806.65,1.76,,53.172,,0.14,4.058,,,,0.0,0.0,,0.0,,,,,0.0,0.0,,,,,,0.0,,,0.0,0.0,,,0.0,0.0,,0.0,0.0,,5278.417,,,,,2806.65,1.76,,53.172,,,,,0.0,0.0,,0.0,,,,,494.353,0.31,,9.366,
12544,Morocco,2022,MAR,37457976.0,,,,,,,,,,,-9.075,-7.752,2073.421,77.666,,,,,,,,30.246,,41.156,16.779,-4.299,-11.534,6855.11,,-3.999,-9.918,,,6357.192,238.128,,92.737,-71.807,-5.672,2.227,,,59.452,,,,,,0.867,,-57.203,-1.228,0.913,9.349,0.35,24.375,0.851,0.356,-7.635,-1.616,18.651,190.983,7.154,497.918,17.382,7.263,,,,0.0,0.0,0.0,0.0,0.0,0.0,0.0,2.266,3.505,158.234,,,4224.319,,,,,,61.623,0.0,0.0,,,0.0,0.0,,0.0,0.0,,0.0,1098.723,256.779,-7.635,-1.616,18.651,190.983,7.154,497.918,17.382,7.263,-20.462,-0.988,3.774,38.65,1.448,100.766,3.518,1.47,4.88,0.601,13.963,142.984,5.356,372.778,13.014,5.438
12667,Mozambique,2022,MOZ,32969520.0,,,,,,,,,,,,,,,,,,,,,,,,,,,,,,,,,,,,,,,,,,,,,,,,,,,,,,,,,,,,,,,,,,,,,,0.0,0.0,0.0,0.0,0.0,,,,,,,,,,,,,,,,,,,,,,,,,,,,,,,,,,,,,,,,,,,,,,,,,,,
12790,Myanmar,2022,MMR,54179312.0,,,,,,,,,,,,,,,,,0.0,,,,,,,,,,,,,,,,,,,,,,,,,,,-1.743,-2.993,3114.536,168.743,,,,,,,,,,,,,,,,,,,,,,,0.0,0.0,0.0,0.0,0.0,,,,,,,,,0.0,,,,,,,,,,,,,,,,,,,,,,,,,,,,,,,,,,,,,,,,,,
13109,Netherlands,2022,NLD,17564020.0,,4.452,0.414,553.318,9.718,555.112,9.75,8.041,0.988,354.309,-0.812,-0.528,3672.28,64.5,829.537,14.57,,,,,12.016,6.558,116.98,121.25,13.557,-3.12,-31.673,56000.762,,-5.928,-52.416,3894.325,68.4,47356.742,831.775,56.412,84.564,-22.196,-77.444,271.472,2720.903,47.79,15456.154,-16.472,-29.722,8581.305,150.722,39.414,27.6,42.96,-43.182,-0.1,0.131,3.416,0.06,7.434,0.049,0.013,16.148,20.743,151.824,3008.992,52.85,8644.015,43.588,15.436,-4.27,-3.65,8.624,0.791,10.403,235.709,4.14,592.269,3.414,1.058,5.435,25.556,495.803,343.885,6.04,28228.312,0.0,,,,4.981,50.407,30.343,9.87,0.12,-12.658,-4.398,561.944,6.832,1727.585,8.14,0.099,3.085,6903.317,983.599,16.727,19.952,141.421,2773.283,48.71,8051.746,40.173,14.378,53.762,16.003,46.083,984.399,17.29,2623.714,14.26,4.685,17.478,8.033,55.146,1223.524,21.49,3139.695,17.724,5.607
13209,New Caledonia,2022,NCL,289959.0,,,,,,,,,,,,,,,,,,,,,,,,,,,,,,,,,,,,,,,,,,,,,,,,,,,,,,,,,,,,,,,,,,,,,,0.0,0.0,0.0,0.0,0.0,,,,,,,,,,,,,,,,,,,,,,,,,,,,,,,,,,,,,,,,,,,,,,,,,,,
13332,New Zealand,2022,NZL,5185289.0,,-6.19,-0.004,12.063,0.063,148.497,0.77,1.746,0.027,105.215,-30.837,-5.671,2452.728,12.718,296.994,1.54,-6.352,-1.243,3534.631,18.328,3.492,5.458,44.1,44.1,25.825,-1.046,-2.463,44939.27,,-5.895,-8.31,1168.691,6.06,25584.105,132.661,13.741,56.93,-6.521,-2.527,36.216,860.126,4.46,6984.465,0.0,,,,10.113,15.542,4.64,8.373,5.059,68.473,4998.757,25.92,13205.316,58.776,29.385,6.552,5.846,100.362,7336.139,38.04,19355.164,86.259,43.07,0.0,0.0,,0.0,0.0,0.0,0.0,0.0,0.0,0.0,-0.135,-0.113,83.726,11.571,0.06,16146.913,0.0,,,,0.136,35.931,23.63,8.72,7.95,0.671,0.053,1681.68,1533.183,4557.031,19.773,18.027,10.14,8504.829,233.023,6.552,5.846,100.362,7336.139,38.04,19355.164,86.259,43.07,34.192,0.183,0.726,38.571,0.2,139.989,0.454,0.312,8.43,0.556,7.471,617.13,3.2,1440.764,7.256,3.206
13619,Nigeria,2022,NGA,218541216.0,,,,,,0.229,0.05,0.156,,368.11,,,,,2.608,0.57,0.0,,,,1.775,,32.11,32.11,,,,,,,,106.387,23.25,,,72.407,,,,,103.459,22.61,,-10.607,-47.92,1847.874,403.837,70.414,,11.82,,,,40.084,8.76,,27.281,,,,,40.542,8.86,,27.593,,0.0,0.0,,0.0,0.0,0.0,0.0,0.0,0.0,,,,,0.32,0.07,,-11.952,-108.938,3672.241,802.536,0.218,,,0.05,0.0,,,0.229,0.0,,0.156,0.0,,146.929,,,,,40.542,8.86,,27.593,,,,,0.229,0.05,,0.156,,,,,0.0,0.0,,0.0,
13719,Non-OECD (EI),2022,,,,3.93,18.34,,485.034,,,,0.472,,1.597,578.816,,36826.438,,8119.813,9.137,3335.0,,39836.82,45.597,35.868,,17807.871,19.117,1.257,1274.195,,,0.337,291.469,,11862.688,,86804.891,66.615,84.547,-4.858,-1095.113,21447.402,,3177.304,,-2.974,-752.4,,24546.902,17.842,20.889,,3.081,200.903,7628.467,,2925.996,,16.431,7.43,6.783,982.729,15866.145,,5862.224,,32.919,15.453,,,-0.077,-9.876,2225.78,,889.673,,4.996,2.168,2.914,807.764,28531.045,,565.571,,4.597,1571.867,,35766.609,3.176,27.789,1158.663,371.074,,5.499,59.934,,,,2.084,,1.129,,102671.031,7.992,992.605,13640.365,,4972.551,,27.923,13.286,29.074,385.215,1731.969,,664.319,,3.73,1.687,14.639,328.212,2636.233,,1011.161,,5.678,2.568
13819,Non-OPEC (EI),2022,,,,,,,,,,,,,,,,,,,,,,,,,,,,,,,,,,,,,,,,,,,,,,,,,,,,,,,,,,,,,,,,,,,,,,,,,,,,,,,,,,,,,2.448,778.676,,32585.814,,,,,,,,,,,,,,,,,,,,,,,,,,,,,,,,,,,,,,,
13984,North America,2022,,600323657.0,,3.829,17.094,772.182,463.559,,,,1.38,,-6.686,-211.968,4927.833,2958.294,1599.415,960.167,3.204,115.448,6194.661,3718.802,17.029,8.81,,5638.285,18.96,3.026,986.305,55936.836,,2.692,703.662,5183.248,3111.626,44720.008,26846.479,55.187,79.947,4.505,482.773,11198.229,3480.472,2089.41,18653.652,4.263,503.175,20498.613,12305.803,37.058,33.348,,3.892,61.462,1811.065,1157.138,694.657,3016.815,12.32,5.393,4.591,282.644,6733.73,4043.526,2427.424,11216.833,43.053,20.053,,,-1.617,-45.869,2275.723,1515.243,909.636,3790.827,16.133,6.777,3.531,432.855,12689.955,103.361,62.05,21138.521,4.85,611.483,22018.656,13218.32,1.101,37.79,273.241,90.472,,-0.713,-3.122,150.705,,455.157,1.605,,0.814,9392.075,33580.207,7.712,328.513,4458.007,2528.283,1517.788,7426.005,26.919,13.276,20.85,103.131,608.449,388.754,233.378,1013.535,4.139,1.812,13.433,149.948,1301.692,831.686,499.281,2168.316,8.855,3.876
14042,North America (EI),2022,,,,3.838,17.006,,460.083,,,,1.394,,-6.771,-211.932,,2918.244,,960.167,3.204,115.448,,3718.802,17.307,8.845,,5547.991,19.024,3.081,986.041,,,2.749,703.166,,3111.626,,26283.326,56.086,79.661,4.696,493.171,10994.263,,2089.41,,4.248,490.597,,12039.185,37.661,33.322,,3.912,61.632,1805.981,,692.707,,12.486,5.474,4.608,282.874,6710.701,,2420.158,,43.622,20.339,,,-1.617,-45.869,2275.724,,909.636,,16.396,6.897,3.531,421.928,12370.819,,62.05,,4.897,614.132,,13154.966,1.118,37.494,269.602,89.31,,-0.528,-2.55,,,,1.61,,0.817,,32994.027,7.755,328.744,4434.978,,1510.522,,27.226,13.442,20.901,102.496,603.445,,231.459,,4.172,1.829,13.52,150.159,1295.867,,497.046,,8.959,3.928
14065,North America (Ember),2022,,,,,,,,,60.72,1.233,,336.678,,,,,,868.3,,,,,17.627,,4925.95,4925.95,,,,,,,,,2668.4,,,54.17,,,,,,1758.32,,,,,,35.695,,1658.46,,,,,641.78,,13.029,,,,,,2257.55,,45.83,,,,,,,,853.82,,17.333,,,,,,41.78,,,,,,0.848,,,78.88,18.16,,,,,,1.601,0.369,,,,,,,,1403.73,,28.497,,,,,,210.64,,4.276,,,,,,472.43,,9.591,
14337,North Macedonia,2022,MKD,2093606.0,,0.0,0.0,0.471,0.001,28.659,0.06,1.049,0.003,543.706,17.241,1.223,3972.867,8.318,1370.84,2.87,,,,,50.175,28.633,7.13,5.72,21.505,2.693,0.762,13874.975,,4.498,1.079,1996.555,4.18,11968.684,25.058,73.077,86.261,-35.469,-1.459,2.655,439.433,0.92,1268.109,,,,,16.084,9.14,3.11,-7.323,-0.291,3.507,640.044,1.34,1675.3,23.427,12.074,-6.835,-0.317,3.991,735.573,1.54,1906.293,26.923,13.739,1.41,19.776,,0.0,0.0,0.0,0.0,0.0,0.0,0.0,10.294,1.315,14.085,186.281,0.39,6727.706,,,,,6.818,48.488,0.116,0.06,0.0,-32.734,-0.056,28.659,0.0,55.197,1.049,0.0,0.398,2732.128,29.049,-6.835,-0.317,3.991,735.573,1.54,1906.293,26.923,13.739,31.005,0.02,0.086,14.329,0.03,41.263,0.524,0.297,4.181,0.01,0.281,52.541,0.11,134.062,1.923,0.966
14502,Norway,2022,NOR,5434324.0,,-3.18,-0.144,804.836,4.374,40.483,0.22,0.144,0.83,28.925,-4.648,-0.455,1717.793,9.335,7.361,0.04,0.0,,,,0.026,1.772,140.29,152.81,50.098,-7.444,-42.361,96926.234,,-5.209,-8.213,294.425,1.6,27499.533,149.441,1.047,28.372,-5.431,-2.29,39.873,150.893,0.82,7337.223,7.465,85.338,226059.906,1228.483,0.537,7.57,4.42,-10.945,-42.256,332.697,24816.334,134.86,61221.418,88.253,63.163,-7.894,-34.148,377.287,27824.988,151.21,69426.695,98.953,71.628,-12.52,-8.924,,0.0,0.0,0.0,0.0,0.0,0.0,0.0,-5.173,-5.468,100.233,136.171,0.74,18444.516,-5.246,-57.274,190365.703,1034.509,0.484,19.029,0.863,0.28,0.06,20.599,0.147,51.524,11.041,158.763,0.183,0.039,0.164,28119.412,526.729,-7.894,-34.148,377.287,27824.988,151.21,69426.695,98.953,71.628,56.496,0.255,0.712,31.283,0.17,131.034,0.111,0.135,25.947,7.849,38.642,2925.847,15.9,7110.647,10.405,7.336
14560,OECD (EI),2022,,,,5.619,37.995,,714.173,,,,1.097,,-3.482,-289.596,,8027.598,,2197.348,0.202,17.486,,8653.18,19.348,12.328,,11357.26,20.101,0.879,567.324,,,0.719,360.074,,5814.472,,50431.781,51.196,77.448,-0.896,-162.5,17965.643,,3454.093,,4.308,656.353,,15891.258,30.413,27.59,,-2.899,-123.446,3671.35,,1408.193,,12.399,5.638,1.927,207.244,14684.863,,5355.29,,47.153,22.552,,,-6.425,-324.853,4476.56,,1789.339,,15.755,6.875,3.438,812.172,24438.543,,163.031,,3.278,491.656,,15488.963,1.435,37.53,1255.145,405.782,,1.587,18.562,,,,3.573,,1.928,,65116.648,5.877,532.097,10208.303,,3565.951,,31.398,15.677,20.874,291.192,1716.268,,658.297,,5.796,2.636,12.511,307.794,2851.367,,1093.679,,9.63,4.379
14625,OECD (Ember),2022,,,,,,,,,332.28,3.013,,341.076,,,,,,2145.02,,,,,19.449,,11028.73,11028.73,,,,,,,,,5756.16,,,52.192,,,,,,3340.09,,,,,,30.285,,3761.64,,,,,1400.01,,12.694,,,,,,5272.57,,47.808,,,,,,,,1741.56,,15.791,,,,,,271.05,,,,,,2.458,,,391.02,58.74,,,,,,3.545,0.533,,,,,,,,3531.01,,32.016,,,,,,649.7,,5.891,,,,,,1090.28,,9.886,
14800,OPEC (EI),2022,,,,,,,,,,,,,,,,,,,,,,,,,,,,,,,,,,,,,,,,,,,,,,,,,,,,,,,,,,,,,,,,,,,,,,,,,,,,,,,,,,,,,7.391,1284.844,,18669.754,,,,,,,,,,,,,,,,,,,,,,,,,,,,,,,,,,,,,,,
15082,Oceania,2022,,45038860.0,,7.08,0.092,30.947,1.394,,,,0.074,,-5.808,-27.348,9846.644,443.482,2906.979,130.927,-3.623,-120.38,71093.719,3201.98,41.141,23.412,,318.241,18.891,3.618,66.135,42057.262,,1.671,25.535,,,34497.52,1553.729,,82.025,3.347,14.652,452.481,,,10046.448,3.1,45.942,33929.664,1528.153,,23.888,,7.988,7.984,113.116,963.322,43.387,2511.51,13.633,5.972,13.987,40.6,340.482,2875.455,129.507,7559.747,40.695,17.975,,,,0.0,0.0,0.0,0.0,0.0,0.0,0.0,6.171,38.231,657.767,,,14604.427,-5.033,-10.782,4517.059,203.443,,34.725,33.991,12.483,,-0.293,-0.261,277.16,,754.697,3.923,,1.794,7065.91,1894.211,13.987,40.6,340.482,2875.455,129.507,7559.747,40.695,17.975,24.579,19.823,101.99,868.57,39.119,2264.479,12.292,5.384,17.254,12.962,89.993,766.402,34.518,1998.115,10.846,4.751
15105,Oceania (Ember),2022,,,,,,,,,4.26,1.287,,450.734,,,,,,132.47,,,,,40.014,,331.06,331.06,,,,,,,,,199.02,,,60.116,,,,,,50.75,,,,,,15.33,,149.22,,,,,44.99,,13.59,,,,,,132.04,,39.884,,,,,,,,0.0,,0.0,,,,,,15.8,,,,,,4.773,,,12.62,8.36,,,,,,3.812,2.525,,,,,,,,132.04,,39.884,,,,,,39.51,,11.934,,,,,,34.92,,10.548,
15228,Oman,2022,OMN,4576300.0,,,,,,0.0,0.0,0.0,,488.272,0.0,0.0,213.655,0.978,0.0,0.0,,,,,0.0,,37.09,37.09,9.017,5.406,21.299,90751.438,,5.026,19.676,8069.838,36.93,89850.023,411.181,99.569,,1.957,5.474,285.143,8069.838,36.93,62308.609,4.621,18.592,91980.031,420.928,99.569,,18.11,,,,0.0,0.0,,0.0,,,,,34.963,0.16,,0.431,,0.0,0.0,,0.0,0.0,0.0,0.0,0.0,0.0,,12.811,14.202,125.06,0.0,0.0,27327.76,9.873,53.764,130746.141,598.334,0.0,,0.0,0.0,0.0,,0.0,0.0,0.0,0.0,0.0,0.0,,8104.801,415.306,,,,34.963,0.16,,0.431,,74.749,1.624,3.815,34.963,0.16,833.679,0.431,,0.0,-0.001,0.31,0.0,0.0,67.738,0.0,
15351,Pakistan,2022,PAK,235824864.0,,,,,,7.166,1.69,1.111,,344.155,-11.77,-23.63,751.105,177.129,61.274,14.45,-3.026,-1.618,219.96,51.872,9.496,17.703,152.68,152.17,16.866,-7.681,-83.242,4242.753,,-10.364,-96.673,365.059,86.09,3545.554,836.13,56.575,83.567,-14.493,-65.061,383.859,227.627,53.68,1627.729,-12.19,-39.816,1216.193,286.809,35.276,38.365,52.37,-6.883,-7.112,91.36,154.394,36.41,387.406,23.927,9.131,9.595,13.431,164.417,280.208,66.08,697.199,43.425,16.433,0.51,0.334,41.975,16.338,55.746,95.113,22.43,236.389,14.74,5.572,-2.819,-7.982,275.142,76.158,17.96,1166.72,0.0,,,,11.803,27.499,2.863,1.69,0.0,27.436,0.616,7.166,0.0,12.142,1.111,0.0,0.286,645.267,1000.547,-2.366,-2.907,108.67,185.095,43.65,460.81,28.685,10.861,24.071,0.443,2.321,6.064,1.43,9.842,0.94,0.232,35.511,3.145,12.126,17.471,4.12,51.421,2.707,1.212
15461,Papua New Guinea,2022,PNG,10142625.0,,,,,,,,,,,,,,,,,,,,,,,,,,,,,,,,,,,,,,,,,,,,,,,,,,,,,,,,,,,,,,,,,,,,,,0.0,0.0,0.0,0.0,0.0,,,,,,,,,,,,,,,,,,,,,,,,,,,,,,,,,,,,,,,,,,,,,,,,,,,
15785,Peru,2022,PER,34049588.0,,2.191,0.109,149.102,5.077,20.265,0.69,1.145,1.516,256.512,36.068,2.157,238.984,8.137,16.153,0.55,0.0,,,,0.913,2.43,60.31,60.27,21.472,5.532,17.554,9835.475,,10.566,23.165,795.017,27.07,7119.578,242.419,44.915,72.387,19.917,15.979,96.207,627.32,21.36,2825.502,20.49,23.529,4063.463,138.359,35.441,28.728,15.46,-6.845,-6.002,77.537,872.257,29.7,2277.18,49.278,23.153,-4.844,-5.611,92.475,975.049,33.2,2715.896,55.085,27.613,0.04,0.066,,0.0,0.0,0.0,0.0,0.0,0.0,0.0,3.78,5.029,138.074,151.544,5.16,4055.092,1.56,0.963,1840.272,62.661,8.561,41.229,2.471,0.69,0.0,-1.29,-0.032,20.265,0.0,72.556,1.145,0.0,0.738,1770.066,334.894,-4.844,-5.611,92.475,975.049,33.2,2715.896,55.085,27.613,2.464,0.048,2.355,24.964,0.85,69.178,1.41,0.703,5.967,0.266,5.035,57.563,1.96,147.879,3.252,1.504
15908,Philippines,2022,PHL,115559008.0,,18.934,1.099,59.718,6.901,9.865,1.14,1.011,1.179,594.451,5.942,13.071,2016.58,233.034,568.281,65.67,,,,,58.213,39.8,112.81,112.81,20.755,7.294,39.805,5066.786,,7.313,34.906,765.323,88.44,4432.838,512.254,78.397,87.488,-3.983,-1.278,30.804,153.861,17.78,266.563,,,,,15.761,5.261,67.06,8.437,1.968,26.442,76.152,8.8,228.817,7.801,4.516,9.024,4.899,73.258,210.888,24.37,633.947,21.603,12.512,0.0,0.0,,0.0,0.0,0.0,0.0,0.0,0.0,0.0,10.259,23.113,248.417,43.181,4.99,2149.695,,,,,4.423,42.427,32.341,12.81,11.67,6.645,1.803,110.852,100.987,279.869,11.355,10.345,5.524,976.211,585.513,9.024,4.899,73.258,210.888,24.37,633.947,21.603,12.512,21.195,0.822,4.783,15.663,1.81,41.392,1.604,0.817,-21.836,-0.793,2.791,8.221,0.95,24.151,0.842,0.477
16031,Poland,2022,POL,39857144.0,,2.331,0.283,311.539,12.417,194.946,7.77,4.323,1.036,633.228,-5.239,-27.72,12580.693,501.431,3113.871,124.11,-3.188,-15.589,11876.443,473.361,69.054,41.844,178.05,179.73,15.813,-2.249,-27.567,30065.42,,-3.816,-43.091,3551.936,141.57,27248.246,1086.037,78.768,90.63,-19.861,-44.437,179.302,316.129,12.6,4498.604,3.01,1.169,1003.882,40.012,7.011,14.963,113.81,-15.868,-0.99,5.131,51.685,2.06,128.731,1.146,0.428,15.022,15.524,112.284,957.419,38.16,2817.173,21.232,9.37,-1.68,-0.944,,0.0,0.0,0.0,0.0,0.0,0.0,0.0,7.725,29.066,405.305,121.935,4.86,10168.948,0.0,,,,2.704,33.823,22.837,7.77,0.0,-11.251,-2.895,194.946,0.0,572.972,4.323,0.0,1.906,4509.354,1198.322,15.022,15.524,112.284,957.419,38.16,2817.173,21.232,9.37,106.789,10.916,21.212,215.771,8.6,532.192,4.785,1.77,19.764,8.21,50.688,495.018,19.73,1271.74,10.978,4.23
16154,Portugal,2022,PRT,10270857.0,,-18.512,-0.727,311.524,3.2,375.821,3.86,8.225,1.241,234.605,-95.398,-2.17,10.191,0.105,5.842,0.06,,,,,0.128,0.041,56.18,46.93,21.905,-3.234,-8.613,25094.396,,3.088,5.485,1846.973,18.97,17825.18,183.08,40.422,71.033,-3.517,-2.044,56.066,1697.035,17.43,5458.728,,,,,37.14,21.753,11.01,-45.382,-14.202,16.956,738.984,7.59,1650.891,16.173,6.579,-15.911,-14.098,74.661,2722.265,27.96,7269.217,59.578,28.967,9.25,16.465,,0.0,0.0,0.0,0.0,0.0,0.0,0.0,8.275,9.699,126.909,144.097,1.48,12356.262,,,,,3.154,49.239,11.715,4.04,0.18,-11.304,-1.524,393.346,17.525,1140.636,8.609,0.384,4.545,4569.239,257.741,-15.911,-14.098,74.661,2722.265,27.96,7269.217,59.578,28.967,37.596,2.171,8.025,296.957,3.05,781.375,6.499,3.114,0.899,0.184,34.765,1292.979,13.28,3384.79,28.297,13.488
16319,Qatar,2022,QAT,2695131.0,,,,,,11.131,0.03,0.06,,490.279,302.041,0.086,42.661,0.115,0.0,0.0,,,,,0.0,,49.89,49.89,9.558,-2.357,-12.634,194221.594,,-2.555,-13.683,18496.318,49.85,193665.312,521.953,99.92,,-8.294,-33.187,366.962,18451.793,49.73,136157.25,0.808,14.307,661975.438,1784.111,99.679,,24.46,,,,0.0,0.0,,0.0,,,,,14.842,0.04,,0.08,,0.0,0.0,,0.0,0.0,0.0,0.0,0.0,0.0,,14.334,19.417,154.877,44.525,0.12,57465.402,1.734,14.687,319685.781,861.595,0.241,,0.428,0.03,0.0,0.0,0.0,11.131,0.0,158.739,0.06,0.0,,18511.16,523.453,,,,14.842,0.04,,0.08,,4826.887,1.05,1.071,3.71,0.01,397.541,0.02,,,0.0,0.0,0.0,0.0,0.0,0.0,
16484,Romania,2022,ROU,19659270.0,,-6.572,-0.305,220.723,4.339,31.537,0.62,1.118,1.203,264.239,-2.74,-1.291,2331.516,45.836,523.417,10.29,2.407,0.842,1822.08,35.821,18.547,12.708,56.7,55.48,18.104,-6.862,-26.575,18346.869,,-6.08,-17.327,1069.216,21.02,13614.338,267.648,37.888,74.205,-15.556,-17.997,97.693,499.51,9.82,4969.307,2.255,1.947,4491.74,88.304,17.7,27.085,14.66,-20.595,-9.515,36.046,712.132,14.0,1833.541,25.234,9.994,-8.53,-9.249,93.038,1752.863,34.46,4732.531,62.112,25.795,1.22,2.152,-1.728,-0.591,27.742,565.128,11.11,1411.162,20.025,7.692,1.606,1.961,124.119,46.289,0.91,6313.515,-6.02,-2.326,1846.908,36.309,1.64,34.412,2.025,0.62,0.0,-2.828,-0.059,31.537,0.0,103.002,1.118,0.0,0.561,2822.078,360.686,-11.006,-8.658,65.296,1187.735,23.35,3321.369,42.087,18.103,4.052,0.164,4.62,89.525,1.76,234.996,3.172,1.281,6.539,1.058,18.266,354.54,6.97,929.108,12.563,5.064
16522,Russia,2022,RUS,144713312.0,,37.167,0.985,25.131,3.637,5.39,0.78,0.07,0.045,363.675,-6.759,-64.327,6131.82,887.356,1240.798,179.56,1.145,29.412,17952.029,2597.898,16.046,11.056,1106.02,1119.05,15.202,-8.23,-719.773,55459.422,,-8.944,-680.416,4760.792,688.95,47870.559,6927.507,61.566,86.316,-14.026,-665.688,4080.453,3443.152,498.27,28196.805,-11.928,-837.487,42730.566,6183.682,44.526,50.842,406.97,-7.862,-46.021,515.343,1364.145,197.41,3561.133,17.641,6.421,-2.886,-39.357,1098.211,2972.083,430.1,7588.871,38.434,13.684,-13.03,-1.178,0.588,1.235,559.65,1543.811,223.41,3867.301,19.964,6.973,2.597,49.599,1959.698,76.842,11.12,13541.931,1.807,113.198,44081.996,6379.251,0.994,24.418,2.374,1.22,0.44,2.653,0.05,8.43,3.04,16.406,0.109,0.039,0.03,7732.875,8025.717,-6.351,-40.592,538.561,1428.272,206.69,3721.569,18.47,6.71,3.746,0.204,6.254,17.621,2.55,43.214,0.228,0.078,62.526,4.189,10.953,38.075,5.51,75.686,0.492,0.136
16981,Saudi Arabia,2022,SAU,36408824.0,,,,,,0.0,0.0,0.0,,557.783,0.0,0.0,35.126,1.279,0.0,0.0,,,,,0.0,,401.29,401.59,12.581,6.888,205.773,87707.289,,6.893,205.779,11006.946,400.75,87647.359,3191.137,99.791,,5.152,58.97,1203.577,7398.481,269.37,33057.297,5.152,58.97,33057.297,1203.577,67.076,,224.0,,,,,,,,,,,,23.071,0.84,,0.209,,-0.3,-0.075,,0.0,0.0,0.0,0.0,0.0,0.0,,7.981,146.808,1986.281,3608.466,131.38,54554.93,11.275,675.338,183061.562,6665.056,32.715,,0.0,0.0,,,0.0,0.0,,0.0,0.0,,,11030.019,3193.319,,,,23.071,0.84,,0.209,,0.114,-0.005,2.167,22.797,0.83,59.531,0.207,,0.0,-0.0,0.015,0.275,0.01,0.407,0.002,
17056,Serbia,2022,SRB,7221365.0,,,,,,31.85,0.23,0.652,,582.128,,,,,3270.85,23.62,-3.539,-2.585,9759.859,70.48,67.007,,37.87,35.25,,,,,,,,3518.725,25.41,,,72.085,,,,,247.876,1.79,,0.0,,,,5.078,,20.52,,,,1199.219,8.66,,24.567,,,,,1362.623,9.84,,27.915,,2.62,6.918,,0.0,0.0,0.0,0.0,0.0,0.0,,,,,0.0,0.0,,0.0,,,,0.0,,,0.23,0.0,,,31.85,0.0,,0.652,0.0,,4881.349,,,,,1362.623,9.84,,27.915,,,,,1.385,0.01,,0.028,,,,,130.169,0.94,,2.667,
17212,Singapore,2022,SGP,5975689.0,,,,,,63.591,0.38,0.694,,488.775,-10.804,-0.583,805.652,4.814,0.0,0.0,,,,,0.0,,54.79,54.79,6.259,-3.492,-31.803,147084.844,,-3.698,-33.56,8947.923,53.47,146257.703,873.991,97.591,,-2.191,-2.925,130.594,8599.846,51.39,21854.154,,,,,93.794,,26.78,,,,0.0,0.0,,0.0,,0.0,,,220.895,1.32,,2.409,,0.0,0.0,,0.0,0.0,0.0,0.0,0.0,0.0,,-3.91,-30.052,738.583,348.077,2.08,123597.898,,,,,3.796,,3.203,0.38,0.0,49.164,1.056,63.591,0.0,536.036,0.694,0.0,,9168.817,878.933,0.0,,,220.895,1.32,,2.409,,68.158,0.701,1.74,157.304,0.94,291.111,1.716,,,0.0,0.0,0.0,0.0,0.0,0.0,
17270,Slovakia,2022,SVK,5643455.0,,4.595,0.085,344.142,1.942,303.006,1.71,6.39,1.016,140.135,-10.404,-3.403,5192.275,29.302,272.882,1.54,,,,,5.755,15.322,28.15,26.76,17.184,-2.038,-3.98,33887.691,,-2.444,-3.301,841.683,4.75,23349.289,131.771,17.75,68.902,-2.805,-1.485,51.444,386.288,2.18,9115.729,,,,,8.146,26.9,3.75,-16.148,-1.833,9.309,655.627,3.7,1649.45,13.827,4.867,-0.769,-0.678,59.473,3900.093,22.01,10538.399,82.25,31.098,1.39,4.938,1.055,0.271,39.768,2819.195,15.91,7046.819,59.454,20.795,3.208,1.586,51.024,182.512,1.03,9041.286,,,,,3.849,26.68,6.739,1.71,0.0,14.48,0.852,303.006,0.0,1194.084,6.39,0.0,3.524,4741.776,191.244,-4.093,-0.949,19.705,1080.898,6.1,3491.58,22.795,10.303,-2.707,-0.054,1.702,122.266,0.69,301.595,2.578,0.89,0.0,-0.0,0.013,0.0,0.0,2.31,0.0,0.007
17303,Slovenia,2022,SVN,2119843.0,,-26.788,-0.319,411.491,0.872,136.803,0.29,2.185,1.197,237.378,-23.093,-2.491,3913.589,8.296,1514.263,3.21,,,,,24.19,11.38,14.72,13.27,22.904,-4.914,-3.768,34391.094,,1.753,0.819,1768.999,3.75,22428.342,47.545,28.259,65.216,-11.792,-1.062,7.945,221.715,0.47,3747.877,,,,,3.542,10.898,3.15,-33.194,-4.123,8.208,1504.828,3.19,3871.919,24.039,11.258,-15.525,-4.587,25.359,4490.898,9.52,11962.749,71.741,34.784,1.45,9.851,-1.76,-0.304,14.024,2636.988,5.59,6615.506,42.125,19.236,16.235,4.372,31.303,33.021,0.07,14766.875,,,,,0.528,42.938,0.841,0.29,0.0,-6.059,-0.054,136.803,0.0,396.803,2.185,0.0,1.154,6259.898,72.904,-27.348,-4.283,11.335,1853.911,3.93,5347.244,29.616,15.548,18.431,0.213,1.399,207.563,0.44,659.979,3.316,1.919,2.511,0.0,0.015,4.717,0.01,7.051,0.075,0.021
17510,South Africa,2022,ZAF,59893884.0,,0.906,0.009,16.265,0.974,6.512,0.39,0.183,0.073,708.207,-5.607,-54.662,15365.821,920.319,3018.338,180.78,-1.679,-25.371,24801.535,1485.46,84.631,68.748,211.52,213.61,16.533,-3.645,-50.647,22350.898,,-3.721,-48.762,3074.271,184.13,21062.77,1261.531,86.199,94.237,-1.215,-0.561,45.582,0.0,0.0,761.044,0.0,,,,0.0,3.405,151.28,53.617,2.802,8.082,50.423,3.02,134.941,1.414,0.604,-2.247,-1.884,77.151,492.204,29.48,1288.129,13.801,5.763,-2.09,-0.988,-18.252,-5.755,25.268,168.131,10.07,421.882,4.714,1.888,2.234,6.461,295.63,55.932,3.35,4935.904,0.0,,,,1.568,22.084,1.373,0.49,0.1,0.0,0.0,8.181,1.67,22.926,0.229,0.047,0.103,3566.474,1338.682,8.242,3.87,51.883,324.073,19.41,866.247,9.087,3.876,-8.622,-1.59,16.164,103.683,6.21,269.881,2.907,1.207,12.113,2.65,25.289,161.786,9.69,422.234,4.536,1.889
17633,South America,2022,,436816679.0,,0.629,1.707,625.538,273.246,,,,3.722,,-16.707,-55.417,632.478,276.277,95.093,41.538,-3.037,-15.429,1127.63,492.568,3.305,3.764,,1256.978,21.857,4.394,308.959,16804.742,,1.251,55.755,659.669,288.155,10329.182,4511.959,22.924,61.466,-3.754,-54.879,1407.066,467.184,204.074,3221.182,2.5,33.026,3099.373,1353.858,16.235,19.168,,11.898,191.49,1858.034,1631.515,712.673,4253.578,56.697,25.312,8.949,253.205,2828.632,2210.888,965.753,6475.559,76.831,38.534,,,-11.442,-7.348,55.11,50.429,22.028,126.163,1.752,0.751,6.237,166.051,2828.616,97.392,42.543,6475.522,7.427,257.787,8536.426,3728.853,3.385,38.534,218.916,68.679,,-4.779,-11.103,157.226,,501.161,5.464,,2.982,2877.586,7340.591,9.405,260.553,2773.522,2160.458,943.724,6349.396,75.079,37.783,56.594,46.71,130.086,114.227,49.896,297.805,3.97,1.772,12.552,31.75,293.241,257.491,112.476,671.313,8.948,3.995
17756,South Korea,2022,KOR,51815808.0,,24.502,1.701,166.855,8.646,295.47,15.31,2.524,0.245,437.602,-5.332,-44.978,15411.557,798.562,3986.235,206.55,-8.686,-0.429,87.055,4.511,34.055,22.622,606.51,606.51,19.151,1.154,40.275,68126.188,,-1.004,-29.788,7438.463,385.43,56686.57,2937.26,63.549,83.208,-0.768,-4.794,619.28,3334.503,172.78,11951.565,0.0,,,,28.488,17.543,265.41,15.935,1.24,9.233,68.512,3.55,178.18,0.585,0.262,13.521,70.063,592.753,4266.651,221.08,11439.617,36.451,16.792,0.0,0.0,11.416,43.682,440.451,3253.448,168.58,8500.325,27.795,12.477,1.333,19.984,1519.418,117.725,6.1,29323.447,,,,,1.006,43.043,55.351,16.49,1.18,45.715,17.365,318.243,22.773,1068.219,2.719,0.195,1.568,11705.115,3530.013,20.202,26.38,152.302,1013.204,52.5,2939.291,8.656,4.314,9.118,5.64,70.318,561.412,29.09,1357.073,4.796,1.992,5.6,0.434,8.755,65.038,3.37,168.964,0.556,0.248
17799,South Sudan,2022,SSD,10913172.0,,,,,,,,,,,,,,,,,,,,,,,,,,,,,,,,,,,,,,,,,,,,,,,,,,,,,,,,,,,,,,,,,,,,,,0.0,0.0,0.0,0.0,0.0,,,,,,,,,-7.555,-6.604,7404.224,80.804,,,,,,,,,,,,,,,,,,,,,,,,,,,,,,,,,,,,,,,
17857,South and Central America (EI),2022,,,,0.657,1.81,,277.274,,,,3.315,,-15.88,-62.167,,329.306,,56.619,-3.037,-15.429,,492.568,4.014,3.938,,1410.411,21.109,4.055,325.937,,,1.327,70.488,,386.288,,5383.227,27.388,64.367,-3.682,-61.827,1617.286,,236.543,,2.896,45.605,,1620.477,16.771,19.338,,11.588,195.661,1945.554,,746.242,,52.91,23.263,8.613,255.448,2980.077,,1021.053,,72.394,35.633,,,-11.442,-7.348,55.11,,22.028,,1.562,0.659,5.999,194.483,3436.634,,93.126,,7.201,255.067,,3797.011,6.603,41.092,250.741,79.643,,-4.6,-12.402,,,,5.647,,2.998,,8363.304,9.039,262.796,2924.967,,999.024,,70.832,34.974,49.773,47.113,142.819,,54.78,,3.884,1.708,11.42,30.615,308.579,,118.359,,8.392,3.69
17980,Spain,2022,ESP,47558632.0,,-2.471,-0.392,325.491,15.48,143.402,6.82,2.392,0.968,217.422,31.289,11.18,986.387,46.911,160.223,7.62,0.0,0.0,10.383,0.494,2.672,2.934,265.36,285.16,21.765,3.615,55.771,33615.332,,6.046,63.62,2234.926,106.29,23462.137,1115.827,37.274,69.796,-3.576,-12.274,330.969,1832.265,87.14,6959.187,0.0,,,,30.558,20.702,62.0,-38.443,-29.976,47.546,395.091,18.79,999.729,6.589,2.974,-1.272,-7.849,482.872,3761.042,178.87,10153.192,62.726,30.204,-19.8,-7.462,3.595,4.569,146.599,1230.691,58.53,3082.48,20.525,9.17,9.612,64.713,737.947,242.438,11.53,15516.564,0.0,,,,4.043,46.159,21.759,6.82,0.0,-1.084,-0.238,143.402,0.0,457.52,2.392,0.0,1.361,5995.968,1598.699,-3.217,-12.418,336.273,2530.35,120.34,7070.712,42.201,21.034,24.579,17.106,88.013,690.306,32.83,1850.617,11.513,5.505,1.035,1.082,163.476,1301.551,61.9,3437.356,21.707,10.226
18038,Sri Lanka,2022,LKA,21832150.0,,,,,,,,,,,-9.73,-1.828,776.648,16.956,,,,,,,,,,16.923,20.936,-10.752,-11.435,4347.636,,0.0,,,,,,,,,,,,,,,,,,,,,-0.709,-0.201,18.577,326.37,7.125,850.891,42.104,,0.888,0.119,22.812,399.775,8.728,1044.88,51.574,,,,,0.0,0.0,0.0,0.0,0.0,0.0,,-14.991,-9.726,55.15,,,2526.109,,,,,,,0.311,0.097,,0.0,0.0,4.463,,14.248,0.576,,,775.145,94.918,0.888,0.119,22.812,399.775,8.728,1044.88,51.574,,14.417,0.324,2.642,46.422,1.013,121.027,5.989,,0.0,-0.005,1.282,22.521,0.492,58.714,2.905,
18081,Sudan,2022,SDN,46874200.0,,,,,,,,,,,,,,,,,,,,,,,,,,,,,,,,,,,,,,,,,,,,,,,,,,,,,,,,,,,,,,,,,,,,,,0.0,0.0,0.0,0.0,0.0,,,,,,,,,-3.335,-1.224,757.094,35.488,,,,,,,,,,,,,,,,,,,,,,,,,,,,,,,,,,,,,,,
18326,Sweden,2022,SWE,10549349.0,,13.145,2.404,1961.763,20.695,1204.814,12.71,7.381,3.274,45.119,6.153,1.178,1925.709,20.315,0.948,0.01,,,,,0.006,3.213,138.99,172.21,48.366,0.351,2.211,59926.805,,-1.632,-2.758,289.117,3.05,15754.809,166.203,1.771,26.29,-30.881,-3.288,7.36,26.542,0.28,697.639,,,,,0.163,1.164,7.77,-5.468,-11.225,181.871,6576.709,69.38,17240.004,40.288,28.768,2.054,4.969,465.986,16035.112,169.16,44171.992,98.229,73.71,-33.22,-23.901,-2.684,-4.042,128.951,4872.338,51.4,12223.56,29.847,20.397,-0.465,-0.647,138.528,261.628,2.76,13131.461,,,,,1.603,21.913,42.56,12.71,0.0,1.916,0.8,1204.814,0.0,4034.416,7.381,0.0,6.732,16324.231,632.189,3.93,9.011,337.035,11162.774,117.76,31948.436,68.382,53.312,74.623,2.918,6.861,221.815,2.34,650.358,1.359,1.085,20.336,14.114,85.048,3159.437,33.33,8061.895,19.354,13.453
18449,Switzerland,2022,CHE,8740471.0,,-0.62,-0.011,207.908,1.817,109.834,0.96,1.542,0.623,41.279,0.0,0.0,117.588,1.028,,,,,,,,0.353,65.2,62.26,31.19,-2.413,-7.208,33350.754,,-2.277,-3.198,196.786,1.72,15704.048,137.261,2.763,47.088,-17.751,-6.398,29.644,57.205,0.5,3391.58,,,,,0.803,10.169,2.57,-19.154,-18.61,77.08,3487.226,30.48,8818.778,48.956,26.443,-1.972,-4.01,154.241,6926.4,60.54,17646.705,97.237,52.912,2.94,4.509,24.733,11.296,57.824,2740.127,23.95,6615.663,38.468,19.837,3.095,3.2,106.589,139.581,1.22,12194.879,,,,,1.96,36.566,7.399,2.07,1.11,15.897,1.015,236.829,126.995,846.557,3.325,1.783,2.538,7123.186,291.501,-13.378,-15.306,96.416,4186.273,36.59,11031.041,58.77,33.076,31.222,2.286,9.723,442.768,3.87,1112.399,6.216,3.335,4.249,0.015,0.397,19.45,0.17,45.4,0.273,0.136
18572,Syria,2022,SYR,22125242.0,,,,,,,,,,,,,,,,,,,,,,,,,,,,,,,,,,,,,,,,,,,,-0.236,-0.073,1386.702,30.681,,,,,,,,,,,,,,,,,,,,,,,0.0,0.0,0.0,0.0,0.0,,,,,,,,,-0.752,-0.402,2398.954,53.077,,,,,,,,,,,,,,,,,,,,,,,,,,,,,,,,,,,,,,,
18695,Taiwan,2022,TWN,23893396.0,,4.332,0.0,0.02,0.0,81.613,1.95,0.684,0.0,560.978,-5.681,-26.458,18384.822,439.276,5107.688,122.04,,,,,42.818,33.062,285.02,285.02,22.687,-3.974,-54.991,55606.547,,-4.808,-61.143,10014.482,239.28,50666.402,1210.592,83.952,91.116,2.843,7.759,280.664,4718.877,112.75,11746.49,,,,,39.559,21.124,159.89,68.244,6.139,15.217,244.0,5.83,636.854,2.045,1.145,5.418,6.153,118.037,1914.337,45.74,4940.146,16.048,8.884,0.0,0.0,-14.514,-10.345,59.43,994.417,23.76,2487.287,8.336,4.473,-7.962,-42.445,490.653,187.918,4.49,20535.088,,,,,1.575,36.929,6.321,1.96,0.01,-1.074,-0.08,82.031,0.419,264.554,0.688,0.004,0.476,11928.819,1328.629,40.8,16.497,58.607,919.919,21.98,2452.86,7.712,4.411,33.965,6.98,27.832,447.404,10.69,1164.842,3.751,2.095,60.413,3.458,9.237,146.484,3.5,386.589,1.228,0.695
18970,Thailand,2022,THA,71697024.0,,-10.166,-2.368,291.832,20.923,206.145,14.78,7.743,1.488,501.572,-9.074,-19.715,2755.472,197.559,527.079,37.79,-4.08,-1.672,548.1,39.297,19.798,14.047,221.59,190.88,14.099,1.119,15.567,19616.777,,0.989,12.769,2250.442,161.35,18179.367,1303.406,84.53,92.673,-5.734,-26.957,443.181,1698.536,121.78,6181.297,-18.66,-58.829,3576.588,256.431,63.799,31.51,95.74,45.349,5.324,17.204,93.867,6.73,239.954,3.526,1.223,-0.751,2.798,103.058,411.872,29.53,1437.411,15.47,7.327,30.71,13.859,,0.0,0.0,0.0,0.0,0.0,0.0,0.0,9.854,59.441,662.667,24.827,1.78,9242.598,-17.582,-28.781,1881.764,134.917,0.933,47.116,43.292,14.78,0.0,1.168,0.5,206.145,0.0,603.825,7.743,0.0,3.078,2662.314,1406.465,-0.751,2.798,103.058,411.872,29.53,1437.411,15.47,7.327,-2.197,-0.333,12.721,70.017,5.02,177.43,2.63,0.904,-3.165,-0.325,8.917,41.843,3.0,124.37,1.572,0.634
19177,Trinidad and Tobago,2022,TTO,1531043.0,,,,,,,,,,,,0.0,0.0,0.0,,,,,,,,0.0,,10.165,6.19,-3.066,-5.195,107268.734,,-3.066,-5.195,,,107259.25,164.219,,99.991,-3.451,-5.384,150.647,,,98395.008,5.084,12.569,169687.484,259.799,,91.728,,,0.0,0.0,0.0,0.0,0.0,0.0,0.0,0.0,-0.0,0.015,3.636,0.006,9.479,0.055,0.009,,,,0.0,0.0,0.0,0.0,0.0,0.0,0.0,1.416,0.189,13.572,,,8864.241,-2.97,-1.205,25723.102,39.383,,8.264,0.0,0.0,,,0.0,0.0,,0.0,0.0,,0.0,6639.407,164.233,0.0,-0.0,0.015,3.636,0.006,9.479,0.055,0.009,0.0,-0.0,0.014,3.618,0.006,9.433,0.054,0.009,0.0,-0.0,0.0,0.018,0.0,0.046,0.0,0.0
19300,Tunisia,2022,TUN,12356116.0,,,,,,0.0,0.0,0.0,,469.428,,,,,0.0,0.0,,,,,0.0,,19.7,20.28,,,,,,,,1569.263,19.39,,,95.611,,,,,1569.263,19.39,,0.0,,,,95.611,,9.52,,,,4.856,0.06,,0.296,,,,,72.029,0.89,,4.389,,-0.58,-2.944,,0.0,0.0,0.0,0.0,0.0,0.0,,,,,0.0,0.0,,-13.154,-3.244,1733.389,21.418,0.0,,,0.0,0.0,,,0.0,0.0,,0.0,0.0,,1641.292,,,,,72.029,0.89,,4.389,,,,,33.182,0.41,,2.022,,,,,33.991,0.42,,2.071,
19423,Turkey,2022,TUR,85341248.0,,22.393,0.279,17.847,1.523,92.804,7.92,2.429,0.078,413.603,0.523,2.522,5681.234,484.844,1301.598,111.08,10.935,22.808,2711.292,231.385,34.062,24.891,328.81,326.11,18.969,0.698,13.505,22824.15,,-2.184,-35.303,2217.216,189.22,18522.918,1580.769,58.023,81.155,-10.624,-60.886,512.218,887.027,75.7,6001.997,0.0,,,,23.213,26.297,134.88,20.15,28.846,175.189,786.138,67.09,2052.802,20.573,8.994,15.643,48.808,367.072,1604.031,136.89,4301.231,41.977,18.845,2.7,0.821,,0.0,0.0,0.0,0.0,0.0,0.0,0.0,4.113,23.061,583.707,28.591,2.44,6839.688,0.0,,,,0.748,29.967,57.256,18.82,10.9,9.29,5.322,220.526,127.723,670.902,5.771,3.342,2.939,3821.247,1947.841,15.643,48.808,367.072,1604.031,136.89,4301.231,41.977,18.845,14.134,5.005,41.489,185.608,15.84,486.152,4.857,2.13,11.782,9.356,91.616,411.759,35.14,1073.527,10.776,4.703
19466,Turkmenistan,2022,TKM,6430777.0,,,,,,,,,,,0.0,,,,,,,,,,,,,31.524,6.869,2.12,9.526,71367.344,,0.0,,,,,,,,2.117,7.782,375.364,,,58369.984,-1.281,-10.154,121708.758,782.682,,,,0.0,-0.0,0.015,0.899,0.006,2.344,0.018,,0.0,-0.0,0.033,1.981,0.013,5.166,0.04,,,,,0.0,0.0,0.0,0.0,0.0,0.0,,2.132,1.744,83.55,,,12992.195,0.349,0.469,21008.982,135.104,,,0.0,0.0,,,0.0,0.0,,0.0,0.0,,,4902.051,458.947,0.0,-0.0,0.033,1.981,0.013,5.166,0.04,,0.0,-0.0,0.018,1.082,0.007,2.822,0.022,,,0.0,0.0,0.0,0.0,0.0,0.0,
19913,Ukraine,2022,UKR,39701744.0,,-11.166,-0.07,13.93,0.553,19.143,0.76,0.665,0.085,232.741,-45.609,-120.811,3628.821,144.071,658.661,26.15,-33.655,-50.902,2527.421,100.343,22.88,22.25,113.31,114.29,21.729,-30.688,-286.681,16309.124,,-32.775,-216.508,829.686,32.94,11185.414,444.08,28.821,68.584,-29.289,-79.833,192.733,128.71,5.11,4854.53,-6.566,-12.303,4410.034,175.086,4.471,29.766,26.6,6.5,1.666,28.927,265.228,10.53,728.606,9.213,4.467,-25.396,-70.173,203.42,2049.028,81.35,5123.711,71.179,31.416,-0.98,-0.865,-28.0,-61.177,155.281,1593.381,63.26,3911.198,55.35,23.982,-12.883,-15.864,107.277,42.316,1.68,2702.062,0.0,,,,1.47,16.568,1.59,0.76,0.0,-36.0,-0.894,19.143,0.0,40.048,0.665,0.0,0.246,2878.715,647.501,-15.217,-8.997,48.139,455.647,18.09,1212.513,15.828,7.435,-19.649,-3.301,13.253,150.371,5.97,333.805,5.224,2.047,-62.5,-6.398,3.816,20.906,0.83,96.124,0.726,0.589
20036,United Arab Emirates,2022,ARE,9441138.0,,,,,,1.059,0.01,0.006,,407.975,3.757,1.033,3022.828,28.539,0.0,0.0,,,,,0.0,,154.71,154.74,11.367,7.118,93.214,148576.547,,5.337,67.606,13522.734,127.67,141325.734,1334.276,82.506,,-1.293,-9.147,698.482,13522.734,127.67,73982.82,-0.599,-3.493,61429.32,579.963,82.506,,63.13,,,,,,,,,,,,2867.239,27.07,,17.494,,-0.03,-0.019,90.598,23.812,50.298,2128.981,20.1,5327.503,12.99,,14.246,75.72,607.255,0.0,0.0,64320.086,10.817,205.616,223107.188,2106.386,0.0,,0.023,0.007,,1740.0,0.022,0.774,,2.472,0.005,,,16389.973,1402.732,,,,738.258,6.97,,4.504,,11.251,1.774,18.135,737.199,6.96,1920.819,4.498,,0.0,-0.0,0.0,0.0,0.0,0.012,0.0,
20159,United Kingdom,2022,GBR,67508936.0,,28.762,4.603,305.221,20.605,525.116,35.45,10.871,1.014,261.155,-10.766,-7.084,869.846,58.722,82.508,5.57,-38.23,-3.109,74.421,5.024,1.708,2.89,320.76,326.09,18.927,1.625,32.499,30097.885,,-0.386,-5.892,2124.459,143.42,22509.117,1519.567,43.982,74.786,-7.512,-58.465,719.801,1856.051,125.3,10662.307,16.379,53.7,5651.892,381.553,38.425,35.425,85.16,-3.279,-0.522,13.859,78.804,5.32,205.288,1.631,0.682,10.372,38.391,512.31,2705.864,182.67,7588.769,56.018,25.214,-5.33,-1.662,3.963,4.131,119.393,706.869,47.72,1768.558,14.634,5.876,8.755,59.657,741.043,185.901,12.55,10976.965,-11.312,-53.76,6243.394,421.485,3.849,36.471,113.166,35.451,,-11.111,-14.145,525.129,,1676.318,10.872,,5.57,4830.323,2031.876,12.501,34.26,392.916,1998.995,134.95,5820.21,41.384,19.338,14.686,4.532,36.293,206.195,13.92,537.598,4.269,1.786,23.971,39.793,208.993,1188.88,80.26,3095.785,24.613,10.286
20282,United States,2022,USA,338289856.0,,4.335,18.026,1282.526,433.866,153.271,51.85,1.209,1.629,368.102,-6.663,-195.673,8103.174,2741.221,2457.981,831.51,3.854,124.433,9911.74,3353.041,19.396,10.289,4328.12,4286.91,18.044,2.685,696.746,78754.273,,2.064,436.695,7559.257,2557.22,63835.859,21595.023,59.652,81.057,5.433,454.089,8812.123,4987.054,1687.07,26049.031,3.644,344.088,28926.398,9785.507,39.354,33.076,1578.02,3.851,22.622,674.078,735.346,248.76,1992.603,5.803,2.53,5.533,260.05,5046.749,5113.041,1729.69,14918.417,40.348,18.943,41.21,0.952,-1.04,-28.865,2031.819,2280.707,771.54,6006.149,17.998,7.626,1.807,178.28,10041.679,114.222,38.64,29683.652,6.187,514.6,26109.33,8832.521,0.901,37.691,224.406,70.01,18.16,0.333,-0.114,206.953,53.682,663.354,1.633,0.424,0.842,12672.299,26641.771,9.724,288.916,3014.93,2832.334,958.15,8912.268,22.351,11.317,24.138,102.932,537.517,606.226,205.08,1588.926,4.784,2.018,14.97,145.448,1145.063,1283.81,434.3,3384.858,10.131,4.298
20521,Upper-middle-income countries,2022,,2555055874.0,,0.992,3.392,135.21,345.468,,,,0.494,,0.385,107.643,10992.034,28085.262,2398.883,6129.28,8.603,2466.822,12188.15,31141.404,48.031,40.132,,12761.214,20.491,0.49,341.195,27389.883,,-0.823,-474.762,2988.736,7636.388,22382.309,57188.051,59.841,81.717,-6.318,-857.283,12710.582,554.678,1417.232,4974.679,-4.82,-643.815,4975.584,12712.895,11.106,18.162,,3.149,161.919,6001.142,900.886,2301.815,2348.732,18.038,8.575,6.893,815.964,12794.635,1856.968,4744.658,5007.575,37.18,18.283,,,0.614,4.348,1765.308,276.165,705.616,690.908,5.529,2.522,1.705,274.879,16392.207,35.175,89.875,6415.596,2.301,420.766,7321.551,18706.973,0.704,23.423,887.048,281.35,,3.638,31.184,110.115,,347.174,2.205,,1.268,4994.495,69982.68,7.977,811.615,11029.326,1580.804,4039.042,4316.667,31.651,15.76,28.993,299.776,1350.804,202.782,518.118,528.679,4.06,1.93,15.228,315.344,2444.863,367.021,937.759,956.873,7.349,3.494
20564,Uruguay,2022,URY,3422796.0,,,,,,759.613,2.6,16.539,,150.127,,,,,0.0,0.0,,,,,0.0,,16.09,15.72,,,,,,,,651.514,2.23,,,14.186,,,,,0.0,0.0,,,,,,0.0,,2.36,,,,1639.011,5.61,,35.687,,,,,3941.222,13.49,,85.814,,0.37,2.3,,,,0.0,0.0,,0.0,,,,,651.514,2.23,,,,,,14.186,,,2.6,0.0,,,759.613,0.0,,16.539,0.0,,4592.737,,,,,3941.222,13.49,,85.814,,,,,140.236,0.48,,3.053,,,,,1402.362,4.8,,30.534,
20607,Uzbekistan,2022,UZB,34627648.0,,,,,,,,,,,11.111,2.868,828.209,28.679,,,5.932,0.99,510.432,17.675,,4.892,,70.995,12.296,3.916,22.093,16929.814,,3.812,21.0,,,16515.852,571.905,,97.555,3.851,17.919,483.177,,,13953.514,-3.973,-20.23,14120.479,488.959,,82.42,,6.045,0.742,13.852,153.432,5.313,400.019,7.484,2.363,8.652,1.093,14.335,158.781,5.498,413.964,7.744,2.445,,,,0.0,0.0,0.0,0.0,0.0,0.0,0.0,0.357,0.214,60.049,,,1734.129,-0.802,-0.267,955.619,33.091,,10.243,0.0,0.0,,,0.0,0.0,,0.0,0.0,,0.0,2050.252,586.24,8.652,1.093,14.335,158.781,5.498,413.964,7.744,2.445,275.392,0.351,0.48,5.314,0.184,13.855,0.259,0.082,0.0,-0.0,0.003,0.035,0.001,0.09,0.002,0.001
20772,Venezuela,2022,VEN,28301700.0,,,,,,,,,,,-12.04,-0.057,14.699,0.416,,,-12.04,-0.172,44.463,1.258,,0.068,,82.824,16.35,5.197,30.316,21683.146,,8.413,34.136,,,15543.645,439.912,,71.685,3.986,11.185,291.776,,,10309.493,3.986,11.185,10309.493,291.776,,47.546,,-1.794,-3.82,173.709,2354.22,66.628,6137.769,80.446,28.307,-1.793,-3.82,173.758,2354.88,66.647,6139.501,80.468,28.315,,,,0.0,0.0,0.0,0.0,0.0,0.0,0.0,18.449,23.008,147.719,,,5219.452,8.572,34.254,15330.145,433.869,,24.071,0.002,0.001,,0.0,0.0,0.022,,0.07,0.001,,0.0,2926.47,613.67,-1.793,-3.82,173.758,2354.88,66.647,6139.501,80.468,28.315,0.0,-0.0,0.001,0.013,0.0,0.034,0.0,0.0,0.0,-0.0,0.046,0.625,0.018,1.629,0.021,0.008
20895,Vietnam,2022,VNM,98186856.0,,,,,,3.666,0.36,0.138,,386.491,-4.978,-29.824,5797.624,569.25,1026.41,100.78,3.156,9.929,3305.427,324.549,38.765,44.655,261.5,259.98,24.424,5.679,68.506,12983.017,,0.038,0.354,1316.368,129.25,9509.55,933.713,49.715,73.246,8.311,5.983,77.972,282.828,27.77,794.118,8.311,5.983,794.118,77.972,10.682,6.117,100.48,26.381,51.497,250.172,977.32,95.96,2547.919,36.911,19.625,25.395,68.152,341.049,1331.441,130.73,3473.466,50.285,26.754,1.52,0.581,,0.0,0.0,0.0,0.0,0.0,0.0,0.0,9.224,24.195,286.49,7.129,0.7,2917.808,-1.242,-1.367,1106.618,108.655,0.269,22.474,1.152,0.361,,128.375,0.648,3.676,,11.734,0.139,,0.09,2647.809,1274.762,25.395,68.152,341.049,1331.441,130.73,3473.466,50.285,26.754,2.29,1.293,68.75,268.57,26.37,700.199,10.143,5.393,236.26,14.714,20.974,81.885,8.04,213.615,3.093,1.645
21043,Western Africa (EI),2022,,,,,,,,,,,,,-5.18,-0.446,,8.156,,,,,,,,0.963,,91.703,11.846,2.318,19.185,,,1.943,14.756,,,,774.138,,91.411,-2.69,-7.33,265.136,,,,,,,,,31.308,,6.835,4.062,67.083,,25.731,,28.059,7.921,6.884,4.429,72.738,,,,,8.589,,,,,,,,,,,4.711,22.532,500.847,,,,,,,,,59.14,0.797,0.25,,0.0,0.0,,,,0.272,,0.094,,846.876,6.884,4.429,72.738,,27.843,,30.363,8.589,13.399,0.377,3.281,,1.259,,1.372,0.387,-0.249,-0.01,1.576,,0.604,,0.659,0.186
21208,World,2022,,7975105024.0,,4.929,56.335,150.369,1199.207,84.652,675.11,2.356,0.715,437.658,0.649,289.223,5624.256,44854.035,1280.512,10212.22,7.427,3352.484,6080.171,48490.0,35.631,26.733,28660.98,28660.98,19.166,1.11,1841.516,21038.93,,0.477,651.547,2201.848,17559.971,17208.133,137236.672,61.268,81.792,-3.092,-1257.617,39413.043,807.964,6443.6,4942.009,-0.237,-96.043,5070.549,40438.16,22.482,23.49,12543.72,1.059,77.456,11299.816,537.747,4288.59,1416.886,14.963,6.735,4.353,1189.975,30551.008,1391.958,11101.01,3830.797,38.732,18.208,,,-4.408,-334.729,6702.339,330.031,2632.03,840.408,9.183,3.995,3.155,1619.934,52969.59,113.372,904.15,6641.867,4.195,2063.52,6426.946,51255.57,3.155,31.569,2413.808,771.91,96.8,3.419,78.496,96.79,12.138,302.668,2.693,0.338,1.439,3593.806,167787.672,7.052,1524.703,23848.668,1061.927,8468.98,2990.389,29.549,14.214,24.858,676.408,3448.237,164.264,1310.02,432.375,4.571,2.055,13.523,636.006,5487.6,263.126,2098.46,688.091,7.322,3.271
21251,Yemen,2022,YEM,33696612.0,,,,,,,,,,,,,,,,,,,,,,,,,,,,,,,,,,,,,,,,,,,,0.0,0.0,38.665,1.303,,,,,,,,,,,,,,,,,,,,,,,0.0,0.0,0.0,0.0,0.0,,,,,,,,,-2.733,-1.113,1175.33,39.605,,,,,,,,,,,,,,,,,,,,,,,,,,,,,,,,,,,,,,,
21466,Zambia,2022,ZMB,20017670.0,,,,,,,,,,,,,,,,,,,,,,,,,,,,,,,,,,,,,,,,,,,,,,,,,,,,,,,,,,,,,,,,,,,,,,0.0,0.0,0.0,0.0,0.0,,,,,,,,,,,,,,,,,,,,,,,,,,,,,,,,,,,,,,,,,,,,,,,,,,,
21589,Zimbabwe,2022,ZWE,16320539.0,,,,,,,,,,,,,,,,,21.665,5.263,1810.825,29.554,,,,,,,,,,,,,,,,,,,,,,,,,,,,,,,,,,,,,,,,,,,,,,,,,,0.0,0.0,0.0,0.0,0.0,,,,,,,,,,,,,,,,,,,,,,,,,,,,,,,,,,,,,,,,,,,,,,,,,,,
